,image_id,c1_x,c1_y,c2_x,c2_y,c3_x,c3_y,c4_x,c4_y,t
0,0,107.0767768,217.396652,221.9978351,219.3149584,428.8091236,214.5731331,483.55382,216.7840781,0
1,1,108.4339869,220.1834346,222.8279572,220.6046924,427.9833123,215.6738599,485.0838957,217.782044,0.033333333
2,2,107.5685552,217.0158144,220.2841767,220.8813783,424.0409847,214.393621,483.7908,216.5591765,0.066666667
3,3,110.9236489,220.0646734,222.4376237,219.2038668,427.0999403,215.0648918,485.4814507,217.1288701,0.1
4,4,111.746649,219.0424005,222.758699,219.9759594,426.8893591,214.7804948,485.544235,217.4926158,0.133333333
5,5,111.3228684,219.8856567,222.1500429,221.007334,424.2601591,215.4201889,485.7902913,217.1933735,0.166666667
6,6,109.6658904,219.8661813,223.7947027,220.7442521,425.2397217,215.9587811,486.8309575,216.7205362,0.2
7,7,111.3051909,221.9366411,221.3342575,219.7364844,425.0676973,216.3197563,483.3296105,217.5221354,0.233333333
8,8,111.3980059,222.2599641,222.5463433,220.4819453,427.9390308,215.4187408,485.421288,216.6551423,0.266666667
9,9,111.1746,222.3144739,221.6901597,219.5210771,423.617039,215.4930538,485.0831462,217.4492923,0.3
10,10,110.8382042,222.0663716,221.4765098,219.3012148,422.4816952,216.1749713,483.6082923,219.2178591,0.333333333
11,11,111.0813271,222.0418382,222.6892623,219.6042024,423.0761423,214.4494625,486.6990011,217.6214601,0.366666667
12,12,111.9497016,223.5188695,219.2632087,218.2396705,424.1276675,216.3099074,486.9063794,217.8772017,0.4
13,13,113.2371614,223.1201996,221.1713949,217.5807227,424.0724577,217.0475424,488.5456666,217.2195692,0.433333333
14,14,111.9306542,223.8961383,220.237386,216.9004605,423.3250015,217.0673457,484.7902298,218.0782236,0.466666667
15,15,112.7767069,223.4275352,220.7920159,217.6753761,422.3512099,215.2545254,487.1409112,216.6494877,0.5
16,16,112.1265061,223.9667311,221.3530231,217.9632814,422.2602286,215.3347411,484.1906597,216.0246458,0.533333333
17,17,112.5565312,224.4365386,219.6847002,217.4951465,422.2898448,216.2256744,488.7699582,215.9257406,0.566666667
18,18,113.4499762,223.7540256,221.9968004,216.9681841,423.2064895,216.3983135,486.3791206,216.2054865,0.6
19,19,113.4700193,223.5525687,219.0426909,216.7877679,420.797416,214.9213411,485.7741565,215.9326853,0.633333333
20,20,114.1436271,223.2047271,218.7140377,217.5588569,420.0137082,215.5758467,485.4064993,215.8533288,0.666666667
21,21,116.700257,223.2617543,221.4986392,216.5064962,421.7558871,215.206823,487.9438126,215.6169336,0.7
22,22,117.3183752,221.8143018,220.0953068,216.5363313,421.4784463,215.7370436,485.4813115,215.1942445,0.733333333
23,23,117.1145058,220.3841079,218.3463077,217.9106166,420.8535102,215.0630098,488.4160805,215.7047928,0.766666667
24,24,118.0098614,219.9900296,221.4513368,217.2659049,418.9511126,215.823006,485.4680891,215.2552632,0.8
25,25,117.2279928,220.7530609,220.4729054,215.756107,422.3726976,214.7849829,488.1923307,215.4233871,0.833333333
26,26,118.6237375,221.7214689,220.456584,216.3345256,419.338569,215.8547586,488.2547118,216.0355003,0.866666667
27,27,119.7552246,221.34664,221.1881289,215.0960124,418.5063497,216.4223662,486.4373312,213.9066474,0.9
28,28,119.4380028,220.8143238,219.5526912,214.8770319,416.7717774,214.560708,485.7581402,214.8706522,0.933333333
29,29,119.8649465,219.1008624,218.942624,216.5249472,419.7850114,214.8194594,485.9566944,214.9661857,0.966666667
30,30,120.6966057,220.5992939,219.8265992,214.9163647,419.977817,215.830805,487.5526255,216.9125972,1
31,31,121.9231679,224.4105348,219.9703137,214.6569697,418.3554046,218.2721198,485.2000393,217.479191,1.033333333
32,32,123.1884318,221.1908371,220.675775,216.0446037,418.1756339,218.3727728,485.2689382,217.5042009,1.066666667
33,33,123.9519926,223.3661171,220.4104069,216.208544,418.1693122,218.1453387,487.3198124,218.1990917,1.1
34,34,124.4003087,223.6193995,219.7353279,216.6291723,417.4470396,216.9569577,486.6592161,217.4368602,1.133333333
35,35,125.4590427,222.7820643,220.8569149,214.9400981,418.5566927,216.5484645,486.3262404,218.9335724,1.166666667
36,36,126.158272,223.6999935,218.6048032,214.6916535,416.1669444,217.1349313,486.3490925,217.1294197,1.2
37,37,128.0746562,225.0315017,218.9807796,216.1158052,415.8080688,218.1408221,484.8299619,217.5020407,1.233333333
38,38,126.5528261,224.6395103,219.9204016,215.0028835,417.8577891,218.693518,481.6709636,216.4188486,1.266666667
39,39,128.1649465,224.5882998,221.5563944,216.2709249,417.019576,218.3645943,485.5745756,217.9385887,1.3
40,40,128.2848631,225.3066161,219.1445074,217.0065609,416.8165542,220.3895012,483.522671,216.1865292,1.333333333
41,41,128.0244576,225.4529237,219.1407536,216.1899779,419.0000937,219.7982559,481.742759,217.1056569,1.366666667
42,42,131.0404111,224.5557972,219.9915697,215.7285637,415.5249722,218.6075135,484.8366071,216.387438,1.4
43,43,130.6794017,226.124779,219.7208701,217.297831,415.5388325,222.0200253,483.0610686,216.7615339,1.433333333
44,44,130.4146801,224.7947895,219.4508711,216.686884,414.4847856,220.4419639,482.0178844,217.0535635,1.466666667
45,45,131.0734691,227.0604124,221.4235709,217.8137548,413.8336996,220.8397535,482.2429948,216.9517301,1.5
46,46,131.5171616,225.3937892,221.7381619,216.5068598,415.8814115,220.9997648,481.6381893,217.5191067,1.533333333
47,47,132.5848292,224.7242665,221.2866907,215.3232663,415.4536046,222.0882332,483.8749306,216.5637338,1.566666667
48,48,132.8555083,225.421927,219.9072817,216.1029523,417.544223,221.9435609,483.048851,215.9647775,1.6
49,49,133.4262678,223.2578748,220.5882966,215.3548229,415.3383052,222.3789149,481.4618999,217.4181127,1.633333333
50,50,134.2586019,222.8080483,220.3096043,216.5647584,415.6022833,222.0827576,483.8219213,217.4589683,1.666666667
51,51,133.9791882,224.8214426,220.1684331,216.6142334,413.5746391,221.4359412,481.6162139,215.9127236,1.7
52,52,133.0301365,224.5588247,219.331392,216.4485384,415.583173,223.4461481,484.0697592,216.9916104,1.733333333
53,53,132.9914206,226.3813436,220.0533929,217.3162938,416.158059,224.4659682,484.8093887,216.9693223,1.766666667
54,54,133.9818313,225.3177671,219.1498036,216.0906771,413.5146641,224.7546135,483.4738681,216.117763,1.8
55,55,134.1203453,225.7056764,220.6946578,218.3289975,412.9765421,224.1209679,485.8467042,215.1295789,1.833333333
56,56,133.8003702,225.096617,220.4115165,218.3686491,414.0534142,225.2349634,483.035696,215.6593696,1.866666667
57,57,134.5801659,224.5034176,219.5276687,217.4406496,412.650643,225.117292,479.1147558,216.3159161,1.9
58,58,134.9965914,225.6533364,220.4680209,215.7072425,412.0842268,226.2022234,480.8257587,218.2858205,1.933333333
59,59,135.4742479,224.8740881,220.2398372,216.6609624,410.1827401,226.7624588,483.9190144,219.1609717,1.966666667
60,60,133.8806467,224.2928308,218.7387474,217.2453085,413.2813038,226.9940993,479.106413,217.8940302,2
61,61,134.5926121,225.3271513,221.3473843,218.7360687,412.1371324,226.3227261,483.5824556,219.2935357,2.033333333
62,62,133.2468341,226.9163598,220.7121997,218.7931826,410.7171655,224.7408871,481.1640572,219.7320585,2.066666667
63,63,132.9507243,225.804932,219.0576165,215.9137417,413.3228025,225.3120229,481.0596139,218.7774137,2.1
64,64,133.9325653,225.3677731,218.4820863,219.5440647,411.1302293,225.7980946,483.3913044,218.6917402,2.133333333
65,65,133.5827791,226.5070355,219.3857104,219.1332752,410.7752998,227.4687358,482.8608859,220.1887815,2.166666667
66,66,133.4909718,225.1708091,221.5852991,218.1222474,409.7338025,226.6982599,481.5401922,221.3252425,2.2
67,67,133.8649982,223.8493565,220.2549095,220.8241176,409.779918,228.5112352,481.6974436,221.3049037,2.233333333
68,68,134.5239198,226.5585668,221.2573858,220.702947,408.3638908,228.5816916,480.2127584,220.1123947,2.266666667
69,69,134.2170093,223.7372307,218.3045293,220.6335724,410.4805208,227.007914,481.988553,220.2293584,2.3
70,70,134.4607179,225.8849238,220.2000736,220.3721788,408.0755863,225.7851985,483.6848117,219.7265839,2.333333333
71,71,134.2568758,226.3293194,220.6078805,220.1277443,408.1703244,227.4390591,483.5465194,219.6957312,2.366666667
72,72,134.4090431,222.8111884,219.5315961,219.4425628,407.7100004,229.478545,480.0330465,219.1702374,2.4
73,73,132.6237542,225.0001123,220.9960699,219.3165034,407.8607641,229.4946032,480.3861704,218.3032034,2.433333333
74,74,131.9979913,224.236338,219.1663693,220.6111586,408.722654,227.595971,478.5977449,219.3740588,2.466666667
75,75,132.636083,224.2459826,220.4705798,218.0593592,407.6528826,228.0045283,479.0491506,218.1334691,2.5
76,76,131.4889346,224.4718341,220.6742514,218.8559018,406.2121292,228.1686563,481.3207361,219.893866,2.533333333
77,77,130.5624711,224.9287977,217.3337234,218.518914,408.1597348,227.2068788,479.6851092,219.4827497,2.566666667
78,78,132.426358,223.8241855,217.5491649,218.7054508,409.4999288,225.8759376,481.7733996,216.9788412,2.6
79,79,130.8438756,225.2113037,220.2884396,218.8709712,410.1668391,227.5283013,479.7541383,216.3174979,2.633333333
80,80,131.7172369,223.653525,218.8236699,218.9860224,408.5572572,227.1232928,484.9453184,217.2424339,2.666666667
81,81,132.0662876,223.195057,218.3060812,219.1653154,406.298387,227.3885683,481.8698245,215.2593652,2.7
82,82,129.3888071,224.5335521,217.9507403,218.5621562,408.7923129,226.0192836,483.5928801,215.9150089,2.733333333
83,83,129.7062965,223.919074,218.5361488,219.8471834,407.8388243,228.0214419,481.1048931,216.4887308,2.766666667
84,84,130.3265636,222.3223957,220.9015895,219.5126612,407.766952,226.6743027,482.0717726,215.2850361,2.8
85,85,131.5806772,223.1441122,220.2667281,220.2093625,407.62091,226.1731173,483.3613075,216.4506084,2.833333333
86,86,131.0257662,221.3551609,218.2391798,218.809195,405.5991652,226.6846421,484.1818047,217.5234901,2.866666667
87,87,130.2481235,222.7639629,220.0853804,219.9539366,409.9085189,223.7439299,482.6342755,217.21194,2.9
88,88,129.9993386,223.1288496,219.5149951,220.0394152,406.1015004,223.9746685,481.9692902,217.3959436,2.933333333
89,89,129.614484,222.9697858,221.2056801,219.5119005,408.612218,225.4820698,485.628856,219.4410915,2.966666667
90,90,129.9365646,220.8669838,220.5866706,219.8051115,406.9831377,224.3828756,481.7319598,217.9860391,3
91,91,128.2874485,223.7765392,220.4773849,220.3935599,407.9490937,223.382574,483.4406616,219.9060611,3.033333333
92,92,129.3973485,221.5842888,220.5985426,219.9268379,407.5955154,223.8933749,481.4862806,219.3747992,3.066666667
93,93,128.5844561,222.0446707,218.6469798,219.5306888,409.3970187,223.7703306,481.9140734,218.7621938,3.1
94,94,129.0066771,222.0437938,219.2698594,218.7887296,408.9518336,223.0772568,482.5416389,219.2747925,3.133333333
95,95,129.18339,222.6096975,220.2184368,217.292239,410.0509737,223.8314855,485.5752458,219.1560337,3.166666667
96,96,127.9914074,220.1566141,219.6078587,217.598709,408.1808956,221.3342474,481.2306648,219.0849531,3.2
97,97,129.115842,223.8691753,220.1472099,218.6439502,408.2271699,222.7708945,481.1125953,217.7108558,3.233333333
98,98,126.9327864,220.5369776,220.7903115,218.5856879,408.8264752,223.6973112,484.3645649,219.7534952,3.266666667
99,99,126.8990651,221.6293579,220.3446342,218.8046101,413.2753252,222.1464093,485.1577091,217.9030334,3.3
100,100,126.3823931,220.8657516,220.3930184,217.3208898,410.4426228,219.8322125,480.9895872,218.3858369,3.333333333
101,101,128.5335945,220.4565926,221.1675017,218.2224148,411.73317,221.6033299,482.9212067,219.6681062,3.366666667
102,102,128.5717675,221.3969219,219.8420427,217.5747431,410.7559081,222.1310804,483.5367219,218.4732718,3.4
103,103,127.4841078,219.044455,220.6587833,217.256245,412.5367825,221.153573,484.7211813,218.347804,3.433333333
104,104,127.6150499,220.9643454,219.6980141,217.7125628,414.3373848,220.3225251,485.0202576,218.7072258,3.466666667
105,105,127.479197,220.4514931,220.1436955,216.5379226,414.5575015,219.5997601,480.9941486,218.4897205,3.5
106,106,127.6085301,219.839221,221.0679827,217.3251525,414.096375,219.1457806,481.1190111,218.6806005,3.533333333
107,107,127.7619781,218.524685,221.2509851,216.2639726,412.4204141,219.5052969,483.7346176,215.9549791,3.566666667
108,108,126.6090569,219.8725754,220.4373979,216.9246998,411.863021,219.6447751,485.9292302,217.1996512,3.6
109,109,125.0264817,218.9774164,219.475447,217.6668391,414.0999516,217.3145495,482.7653197,218.7064066,3.633333333
110,110,125.7293535,218.3450191,219.2628911,217.4286219,413.3057727,218.0286971,481.2427138,218.6144937,3.666666667
111,111,126.0050386,218.387478,220.039414,216.0599907,415.9119376,219.0516517,484.8596772,216.907533,3.7
112,112,126.1124396,220.1039531,221.5632987,216.0319655,415.0980774,217.8712336,483.8938159,216.8071223,3.733333333
113,113,123.8784239,220.1328582,220.1572766,215.6769782,417.8577821,217.8138712,484.3719451,214.9701319,3.766666667
114,114,125.255983,218.189206,220.3609921,215.1175673,415.6329631,218.9730531,484.9445256,214.5380514,3.8
115,115,126.1390283,219.4325882,220.997286,216.1803428,415.775132,216.6339809,482.7795158,217.2546422,3.833333333
116,116,123.9203378,217.8994846,219.7657362,218.5886385,417.0332533,217.6475347,484.8213834,215.5022618,3.866666667
117,117,123.6305314,219.4447126,223.2495648,216.7095493,416.4148435,217.501809,485.8441908,215.0454058,3.9
118,118,123.7718276,217.9378898,222.3401261,217.1819944,418.2467787,217.2181054,485.7896027,215.1147352,3.933333333
119,119,123.9149346,218.5435377,221.8863366,216.8384712,418.8193852,217.7673083,482.7892091,216.3716589,3.966666667
120,120,123.4896878,219.8227228,221.1546254,217.3785991,415.8140069,217.4390022,484.8400751,217.4859871,4
121,121,124.294422,218.952792,221.1138146,216.7515995,416.3240211,217.1599835,484.3864628,219.0001264,4.033333333
122,122,122.2865111,218.2184811,221.6093646,217.4794798,416.2647098,216.4350993,482.7479466,217.3011806,4.066666667
123,123,122.6450602,216.7665577,221.9999333,217.548724,420.128631,216.6761378,483.0149243,217.5804541,4.1
124,124,122.1401906,216.883682,222.1338488,216.5307078,420.33794,216.0661937,482.7441969,217.6407634,4.133333333
125,125,122.372464,216.6778431,220.5750149,216.298013,420.2259287,217.3970063,484.5053473,217.099312,4.166666667
126,126,121.9935871,218.0712574,221.6169047,216.6321512,420.7462203,216.5239145,483.9174913,217.5096956,4.2
127,127,121.8254421,217.2490197,221.0162327,217.2083754,420.3889172,214.4581421,486.320094,216.9093181,4.233333333
128,128,121.2497199,217.6687897,221.8666741,217.0620016,421.4540528,216.0672697,483.8080302,216.7777782,4.266666667
129,129,120.0736719,216.6332737,222.180982,215.716837,421.6518475,214.7163626,482.1608686,218.319119,4.3
130,130,118.1630397,216.6575668,221.6425898,216.4655594,419.3637868,215.3558545,482.7969118,217.6362258,4.333333333
131,131,117.2218426,217.1188864,222.4896812,218.3040736,421.9220422,215.3313878,482.4908446,217.9186985,4.366666667
132,132,119.5500775,218.128271,222.1548498,217.473294,421.7966568,213.9325288,486.1492025,216.551389,4.4
133,133,117.5541559,216.1356084,223.3578605,214.9129029,422.1765489,216.0828284,482.0380899,218.4103252,4.433333333
134,134,117.8149286,216.8571306,223.2654828,216.9947822,419.7181609,214.9908626,485.3955549,217.2331045,4.466666667
135,135,117.9274941,214.9381061,221.9513206,216.1159187,421.7145418,215.8622565,485.2468327,218.4706926,4.5
136,136,117.1412637,213.9363146,222.0121016,218.4077667,421.4471929,215.1377861,482.5839421,217.6066289,4.533333333
137,137,114.8437977,217.2206805,223.2954345,217.8496109,422.1732582,214.2288241,484.5297669,217.2318087,4.566666667
138,138,116.2057564,215.4769524,223.6181878,216.7034699,422.5060656,216.0748116,483.6926525,215.3198172,4.6
139,139,114.6561402,215.1922947,225.8312403,218.6689643,419.7068444,215.1139363,484.8775965,216.5630052,4.633333333
140,140,114.8130273,214.2327399,225.5618555,218.4295887,421.7955679,216.2324041,485.3977321,216.0157505,4.666666667
141,141,112.2294346,216.5258151,225.5764799,217.1354955,422.9761702,215.0061221,486.3905791,214.8451927,4.7
142,142,111.2952293,216.2875718,225.8401228,217.6124772,421.6050096,214.4331364,482.1904241,216.5025087,4.733333333
143,143,111.9830364,217.0964871,224.2422903,218.5362926,423.7431308,215.5694937,484.1430712,215.1852604,4.766666667
144,144,110.8428184,217.7333752,224.5274696,216.6693627,424.3397106,216.0196187,484.2080397,215.1292581,4.8
145,145,110.252617,218.1318664,225.3546194,217.1704274,424.7727168,216.5460347,487.2538668,216.8690801,4.833333333
146,146,110.5896589,217.0045379,225.3026942,217.1638347,425.3414603,213.6562176,483.4164736,215.3682018,4.866666667
147,147,107.732294,216.0673291,226.633002,218.4593472,425.3218443,215.8066339,487.0333995,216.2735745,4.9
148,148,107.8117062,216.5465046,227.067132,217.7124868,423.7465899,215.7756055,485.0222666,216.2352305,4.933333333
149,149,107.2851632,214.4007239,226.4057219,217.6128355,423.3878792,215.7494211,485.6774192,216.4066783,4.966666667
150,150,107.4303767,214.8351082,227.0801075,217.4277233,422.9030026,216.6323121,485.0578462,216.3986792,5
151,151,106.7352612,215.6040536,226.0730022,217.6258923,425.9207941,215.7533975,484.6871713,219.1698845,5.033333333
152,152,104.3620716,216.3624757,225.713432,218.3438812,425.4067199,216.4524512,483.6699341,218.4395852,5.066666667
153,153,104.3007472,215.5568259,226.4602674,217.705,423.7295659,216.3088964,487.1066827,219.315004,5.1
154,154,104.3096533,216.5323842,227.579763,217.6752356,422.9999073,216.1019704,486.2395445,217.7359092,5.133333333
155,155,102.608649,217.0553015,226.4940537,218.543617,424.9264544,217.5775663,485.2151369,218.6825666,5.166666667
156,156,104.1962865,214.4955462,225.2073469,217.5824666,423.1292218,216.4004494,486.8529003,217.4002928,5.2
157,157,101.9186608,215.6585528,227.2262425,217.9027886,425.2597646,216.9263211,483.551684,218.5557628,5.233333333
158,158,102.5897089,215.4277682,226.740156,219.3013267,424.2505516,216.2876336,482.620954,218.5003041,5.266666667
159,159,101.9448218,216.8901674,226.4053916,218.6101135,425.6662725,216.3674997,481.7005132,218.4289535,5.3
160,160,101.3458263,216.0661968,228.4734923,218.5954137,425.48677,215.4919862,481.7738546,217.7444228,5.333333333
161,161,100.0292118,217.2920554,228.9187048,219.7125088,425.8457184,217.1065368,483.7841818,218.7306883,5.366666667
162,162,100.2456632,216.6581643,225.7124412,219.8300621,426.4764354,217.0698785,484.3805232,218.6258632,5.4
163,163,98.1047834,215.8820373,229.5369998,218.8601258,422.9157566,217.1518758,482.1412173,218.3223533,5.433333333
164,164,99.70622869,218.982241,229.2013893,218.0471706,423.2553085,215.6816257,480.0625133,218.5985859,5.466666667
165,165,99.88784027,213.0957184,242.7871094,220.5941162,425.6198425,206.5033112,476.8184814,215.9080505,5.5
166,166,100.0804214,212.8881683,243.9411621,221.3609772,425.4974976,206.4772034,477.0266113,213.8280029,5.533333333
167,167,101.6680374,213.8622437,243.739151,220.9943848,424.8408203,207.6172485,476.2262878,213.4337463,5.566666667
168,168,100.4714737,211.9784546,245.2417603,218.2408752,423.7188721,208.3088074,476.3219299,212.9567413,5.6
169,169,102.4763718,213.3726501,245.4090576,218.2684631,423.2493591,208.3914337,474.6177979,213.0201111,5.633333333
170,170,102.0923767,213.1330566,244.0457153,219.0138397,423.8710022,207.1687469,474.925354,213.5143127,5.666666667
171,171,101.9584198,212.4732819,244.9386444,217.7283478,423.4551392,208.9606018,476.2932739,213.0943146,5.7
172,172,102.1825333,213.2360382,244.5114594,219.3669281,423.6563721,208.8684082,476.495636,213.2664337,5.733333333
173,173,102.4318085,213.6629333,243.0414581,219.1211243,422.975647,208.349472,475.9550171,213.2562561,5.766666667
174,174,102.7489243,211.6155853,243.2409515,218.8963013,422.7338867,208.4766083,476.3544312,213.2737732,5.8
175,175,102.7763214,213.3858643,243.6087341,218.3707123,422.2887268,210.511322,476.229187,213.5584564,5.833333333
176,176,102.3910065,212.9522705,244.2797089,218.0438385,422.946991,210.5701599,476.4860229,213.8665009,5.866666667
177,177,104.1675339,211.2617188,242.2573395,217.6324158,423.5277405,210.8901367,476.5620728,213.9376984,5.9
178,178,104.2227707,211.1609192,242.308136,218.1751862,423.9272766,209.0853729,476.3881226,213.9551086,5.933333333
179,179,102.055809,211.5332336,240.5593719,219.0782928,422.5181885,210.7536163,476.1069336,213.6460571,5.966666667
180,180,104.0360107,211.3824158,242.1941681,217.9330139,421.5603027,211.9260864,476.7767334,214.2583923,6
181,181,102.3392029,211.916275,242.3179169,218.6862946,421.7364807,211.5622559,476.3955994,213.8724365,6.033333333
182,182,104.3167725,210.9864807,239.8759308,218.2941895,421.4925232,211.5642548,477.5157166,214.2290344,6.066666667
183,183,101.9454346,212.2626343,240.951355,218.9324036,418.4532776,210.6581573,477.7151489,214.9782715,6.1
184,184,102.0016785,212.2200623,240.9027557,219.0319824,418.307312,211.0326538,475.8867798,214.8352203,6.133333333
185,185,102.3771439,212.014328,238.5995789,218.9850769,419.3742371,212.3949585,476.1405334,214.2058105,6.166666667
186,186,102.2105103,211.8151245,238.3678741,217.0834656,418.6381836,210.7051849,473.7450562,214.3027039,6.2
187,187,101.6253738,212.9647675,238.5758209,219.8447418,418.728241,209.7057037,474.0488281,215.0168457,6.233333333
188,188,104.3874435,210.3545227,236.2365723,217.9699707,419.2743835,209.6525269,473.8268738,214.2745361,6.266666667
189,189,102.7226257,210.9342346,236.3690948,218.5700531,419.322052,209.8470154,474.032135,216.9426422,6.3
190,190,102.4605789,210.3487091,236.6289215,219.2369385,418.8024902,209.8755951,473.8568726,215.3114624,6.333333333
191,191,103.6416779,210.9019318,234.7489319,219.3683624,420.5325623,210.4625397,474.0437622,215.6282043,6.366666667
192,192,103.4150162,210.0850983,233.9393005,219.3605499,420.8687134,209.2801361,474.4281616,215.4514465,6.4
193,193,103.0309525,209.3306122,233.8295898,219.0141144,420.9857483,208.0118103,474.3309326,217.8830872,6.433333333
194,194,102.715683,209.2967834,234.166748,219.4067535,422.0854797,208.0325928,474.0422058,217.9262543,6.466666667
195,195,102.4919434,209.0120239,233.8590851,218.616745,422.2230225,208.7983246,476.0033264,219.8378906,6.5
196,196,102.5581894,209.4903412,233.7366943,219.2086182,423.9805298,208.1772919,475.9768066,219.3338623,6.533333333
197,197,102.417778,209.1217499,231.7750397,219.2649384,424.316864,208.4017029,473.7628784,219.0347595,6.566666667
198,198,102.40522,208.9128723,232.085556,219.3838806,424.7147217,208.043869,473.6607056,219.7494507,6.6
199,199,102.1593246,210.3128815,232.0106964,219.1227264,426.7937317,208.519104,473.7307739,219.9160004,6.633333333
200,200,102.3181915,210.6895294,231.5460663,219.8088989,428.6326599,208.6578827,473.7798157,219.4771729,6.666666667
201,201,102.458374,210.7090759,231.4675446,219.4515839,429.0425415,206.6407776,475.4207458,219.9380646,6.7
202,202,102.3166809,210.6863098,231.4649353,219.4758148,429.1104126,206.6279449,475.4069214,219.9064484,6.733333333
203,203,102.1633224,210.5224152,231.6712494,219.4787292,429.8703003,206.7821198,475.1264648,220.193924,6.766666667
204,204,101.3627548,210.0385132,229.6382599,220.8129272,429.6983643,206.4660034,473.9812927,217.9826965,6.8
205,205,101.2711411,210.4784698,229.7902985,221.0099792,430.0178833,206.070694,474.0421143,217.973175,6.833333333
206,206,101.050293,210.5903015,229.4615021,221.0758362,430.190155,206.6860504,475.7037354,220.7778168,6.866666667
207,207,101.2186432,210.9984894,229.6006775,221.4759979,430.5401306,206.2251587,474.01474,218.4978485,6.9
208,208,101.1287994,210.5665588,229.6543884,221.5363007,430.6613464,206.4646149,475.4246521,218.9077454,6.933333333
209,209,100.8768997,210.5443268,229.538559,222.7075348,430.3765869,208.3160858,474.0722656,217.3997803,6.966666667
210,210,100.6239624,210.3568726,229.6728821,222.5093384,430.5031738,208.3299408,474.1608887,216.7332001,7
211,211,100.3747253,209.9252625,229.5630798,222.3392334,430.1790771,208.0673828,474.1858215,217.1417694,7.033333333
212,212,100.7806473,210.8100128,229.5931091,221.6399384,430.7539673,208.5506897,473.9851379,216.5148926,7.066666667
213,213,101.039032,210.4351044,229.4693146,221.7710419,430.7376099,207.4026947,474.0214233,216.6639099,7.1
214,214,101.0691757,210.5004578,229.5070953,221.7456665,430.6489563,207.4701233,473.9873047,216.7460022,7.133333333
215,215,101.2002029,210.2262115,229.7145844,221.2993011,431.3045959,207.9321747,474.1066284,216.5509338,7.166666667
216,216,100.6713409,211.5278015,229.7737885,221.0454254,430.6388245,206.8206635,474.4770203,215.4732513,7.2
217,217,100.2036362,211.4324188,229.832077,221.1293335,430.8943787,207.3799133,474.5062256,214.8767242,7.233333333
218,218,100.2149811,211.1715851,229.905838,220.3899078,432.0665588,207.7829437,472.336853,214.853653,7.266666667
219,219,100.145813,211.3825073,230.0527191,220.5083923,431.6208191,207.2341766,474.4060974,215.1123199,7.3
220,220,100.5935669,209.7596893,229.8082733,220.4635925,431.4143982,207.5256958,474.3417664,215.3775635,7.333333333
221,221,100.1513062,209.7863922,229.7734528,220.8197174,431.4014282,207.2447357,474.2450867,215.5217285,7.366666667
222,222,100.0919495,210.2162628,229.9434662,218.8559418,431.8299255,207.4775085,474.1409302,215.5520935,7.4
223,223,100.5918503,209.4757843,228.1169128,219.0659637,432.8924255,207.6138153,474.035675,215.7648315,7.433333333
224,224,100.6882095,209.6956482,228.4129028,219.8646393,432.4720764,207.6738739,475.4653931,217.4637604,7.466666667
225,225,100.8079987,211.519043,228.394989,218.9514313,432.6079102,207.0910034,474.5626221,217.3130646,7.5
226,226,100.7703247,211.5236206,228.3951874,218.9687347,432.68927,209.0198669,476.5314941,217.2901917,7.533333333
227,227,100.6101685,211.2613068,228.8304901,219.7874146,432.5760193,208.9526825,475.9776001,217.0110626,7.566666667
228,228,102.6819839,210.7032013,228.6841736,220.1592407,432.6424866,208.9151611,474.6977539,216.5366821,7.6
229,229,100.8765869,211.8034821,227.7077789,220.5722198,432.3375549,208.5228424,474.9969177,217.2130737,7.633333333
230,230,101.4441757,211.156601,227.6838379,219.8822174,432.5199585,208.6210632,475.2269897,217.0108032,7.666666667
231,231,103.6395111,211.9301758,226.9855194,220.1132813,432.3790894,208.3001862,473.3551941,217.1101685,7.7
232,232,103.5844879,211.6728821,226.9782104,220.0481415,432.5392761,208.7218323,473.3468628,217.1127167,7.733333333
233,233,103.709671,212.1496277,225.8853607,220.7943573,432.9169922,207.272934,474.5053101,216.8257751,7.766666667
234,234,103.5741272,213.9264374,225.990448,220.7137451,433.1732483,208.2570648,472.2859192,216.2098236,7.8
235,235,104.0166626,213.8435211,225.7169647,220.6219482,432.1674805,208.1371307,472.2292786,215.8982544,7.833333333
236,236,104.1960373,214.1171722,225.8751984,220.5683441,432.4609375,209.1473389,472.1246033,214.7072754,7.866666667
237,237,105.6921768,215.5499878,224.1840668,220.6061859,432.549408,207.9794006,472.0907288,215.2509918,7.9
238,238,103.9753265,215.3880005,224.3205719,220.7898712,432.2844543,209.1298828,471.9611206,214.665329,7.933333333
239,239,106.3283768,214.9294281,224.3755646,220.7939606,433.9249573,209.3501282,474.3646851,216.292984,7.966666667
240,240,104.0838623,214.616272,224.9109039,221.4933014,431.9396973,209.4129944,473.0577393,216.5842285,8
241,241,105.8858261,215.4455566,224.0688171,220.724762,433.0958252,209.1733856,472.7760315,216.3069458,8.033333333
242,242,104.7392273,215.7851105,224.0465088,219.0591888,434.7669373,208.8881989,472.2997437,217.0429688,8.066666667
243,243,106.9679871,216.4554291,225.1381073,221.2416534,434.869751,208.1966248,472.5279541,217.231781,8.1
244,244,106.9704666,216.3829346,223.1936493,221.4699554,434.9241638,210.1776428,472.5898438,217.3654938,8.133333333
245,245,106.4761963,216.6772461,223.0031586,219.5940552,435.6625977,208.3001099,472.6369629,216.898056,8.166666667
246,246,106.853775,216.8356018,222.9215698,219.3898926,435.8257446,208.3150635,470.6564636,216.468811,8.2
247,247,106.8022385,216.6101379,222.800293,219.2270813,435.4764099,208.1117859,471.2277222,216.8153534,8.233333333
248,248,107.7217636,216.8731995,222.5097046,218.9584351,435.3364258,208.6550446,473.5864258,218.5282593,8.266666667
249,249,108.0056,216.7751923,222.4338379,219.4895325,435.9931335,206.4673767,473.4702454,218.8656921,8.3
250,250,107.9801788,216.701004,222.345108,219.9251404,434.8406067,206.3112335,473.6880493,218.8869324,8.333333333
251,251,109.8214645,216.7246399,224.2303772,219.7553101,434.9196472,207.9369659,473.6937256,218.6725616,8.366666667
252,252,109.3953018,216.2232971,222.3283691,218.6670074,435.0906982,207.7916412,470.8687744,218.3175354,8.4
253,253,109.3017654,218.3128662,222.3789825,220.3396149,435.0204163,206.2704773,470.9170837,217.7744904,8.433333333
254,254,108.696373,217.8829041,222.6529388,220.5258026,434.6324463,205.8494873,470.8329468,217.344986,8.466666667
255,255,108.7019882,218.6211548,222.2593842,221.7791443,435.7091064,205.9156036,472.9781494,217.3975525,8.5
256,256,110.6819992,218.5235596,222.3474731,221.8126831,435.6635437,205.962265,472.9812927,217.3883362,8.533333333
257,257,111.0081024,218.4055023,224.1092072,222.2653351,435.2747498,205.5620575,472.8020935,216.9591675,8.566666667
258,258,109.5890961,219.1401215,223.9474182,222.313446,434.7471313,206.2430267,474.6904297,216.9566193,8.6
259,259,110.7917709,220.2753754,223.8890228,222.0070343,434.8348694,206.9624329,474.4205627,216.6778717,8.633333333
260,260,112.8370132,219.9842224,223.6525726,222.2001343,433.8421021,207.0490112,474.0177002,215.7793579,8.666666667
261,261,111.324707,219.3557892,223.186142,220.0612793,433.4663391,205.5007019,474.3586121,217.463913,8.7
262,262,111.4771271,219.8250275,224.8599396,220.7065887,433.8577576,206.9907532,473.9109802,215.0379028,8.733333333
263,263,109.0284042,220.0475616,224.4633026,220.4627686,432.100769,205.6438904,473.8460999,215.0671997,8.766666667
264,264,109.3731766,219.9783325,225.2290192,220.3208771,431.7275696,207.2385254,474.7201843,216.9972534,8.8
265,265,109.3493652,220.8425446,224.0697937,219.5294189,430.2297668,205.8117065,474.9159851,216.8861847,8.833333333
266,266,109.3832855,221.18927,224.261322,219.4138641,429.2854309,205.7446747,474.5743408,216.4492188,8.866666667
267,267,109.1271973,220.9585266,224.7788696,219.0541687,427.7225952,208.0153198,476.709198,219.6124573,8.9
268,268,109.0209579,221.1008606,224.7557983,219.0765228,427.6794128,205.912735,476.66745,219.6287842,8.933333333
269,269,108.5820313,221.3852386,224.417923,218.3122101,429.4017334,206.3842773,476.5904846,217.8302765,8.966666667
270,270,108.6876221,223.2436981,226.3871002,218.6413879,427.1006165,206.3086853,476.243042,217.9803314,9
271,271,110.8934937,223.0662537,225.4125519,218.7842865,427.7214355,207.1264648,475.2286987,217.3840485,9.033333333
272,272,112.0066681,222.591095,225.2137146,219.0921783,425.9041443,208.4998016,475.1930542,217.3863678,9.066666667
273,273,110.5787811,222.7073822,225.6749268,218.6651459,424.6895142,208.7178192,475.026825,217.778656,9.1
274,274,110.7397385,224.4188843,225.4789886,218.5330048,424.8557739,208.4194336,474.6551819,217.4991302,9.133333333
275,275,110.6788177,222.8576508,224.9835968,218.4307709,424.6436768,208.3993988,474.183075,217.2275238,9.166666667
276,276,110.7717133,222.993576,225.2089386,219.1530304,422.7328491,208.4139404,475.6681213,217.0760345,9.2
277,277,110.592865,223.4854431,225.5628052,219.1540527,423.4400024,207.9184113,475.0578918,215.6547241,9.233333333
278,278,110.154953,223.9047241,227.4988556,219.1251221,423.2012024,208.0241547,475.4470825,215.6710663,9.266666667
279,279,110.5961838,224.5565948,227.1820221,219.559082,421.4675598,209.0385284,474.098999,215.548584,9.3
280,280,110.4335022,224.7988586,227.1978455,219.5691833,421.4368591,208.8903961,474.1790771,215.3942871,9.333333333
281,281,110.7579498,224.8890228,227.5934448,219.3048706,420.2882996,208.4107971,474.5568542,215.3914032,9.366666667
282,282,110.694519,227.1086426,227.7344513,219.3726349,418.1669312,209.868927,475.3820801,215.3942719,9.4
283,283,110.8980713,225.3065948,227.6118622,219.3245087,417.5219727,209.1009064,474.2373352,216.5096588,9.433333333
284,284,109.6847,225.9217834,227.4273071,218.1774445,418.8537598,209.2532196,474.1795349,216.8038788,9.466666667
285,285,109.828949,226.4182434,227.5167084,218.5712585,416.6770935,211.0857544,474.4477234,217.4836578,9.5
286,286,111.4701385,225.9524689,227.5769653,218.1068268,416.9695435,209.1747131,474.2294006,216.0547791,9.533333333
287,287,111.7463608,225.4263,229.5088806,217.9755707,417.1644897,209.3222351,474.0361328,216.5043182,9.566666667
288,288,111.7938004,226.5999908,230.3547516,219.1998138,415.8109741,211.082077,473.6867065,216.40448,9.6
289,289,110.01931,226.7323608,230.5513763,218.900116,414.6922607,209.2576141,472.9468994,216.8917389,9.633333333
290,290,110.4270554,224.9583435,230.2758331,218.3188324,416.7069397,209.1481934,472.8299255,216.8861084,9.666666667
291,291,110.5926514,225.1121063,230.557663,217.9750671,415.7932739,210.0398102,475.0631714,216.7530823,9.7
292,292,110.796814,225.1708374,230.5303955,218.0137939,415.7000427,210.1368408,475.2506714,216.8872833,9.733333333
293,293,110.6679077,224.8504333,230.6846619,217.6668701,415.6823425,209.5806885,473.2704163,217.0666046,9.766666667
294,294,110.163826,226.4345398,232.3655548,217.7332458,418.0402832,209.5131836,472.8294678,216.8967896,9.8
295,295,110.9237671,224.2482758,232.9641571,217.4857788,418.0369873,208.2245941,473.0587158,216.9697113,9.833333333
296,296,110.3672333,226.2727356,233.3095245,217.6650085,418.2804871,207.7615051,472.9946899,217.4056396,9.866666667
297,297,110.5554657,224.2620087,233.4099579,217.8270416,418.6917419,206.9903107,474.0161438,216.7795258,9.9
298,298,111.8522415,226.1928406,233.594574,217.6466675,420.2990112,206.9944916,474.0656128,217.4246216,9.933333333
299,299,112.0622253,226.165451,233.6835785,217.7713776,420.336853,207.0313568,474.0812988,217.4617462,9.966666667
300,300,111.3448792,225.9395142,233.1951141,219.0600891,420.5602112,206.9441376,472.5203857,216.9817047,10
301,301,111.4801941,225.8024292,234.6322937,219.413681,420.5369568,207.0498352,472.3266602,216.8535614,10.03333333
302,302,111.1118546,225.6973419,232.9198608,218.7911835,422.7963867,207.2030792,474.5444641,216.8838043,10.06666667
303,303,111.9417038,224.4269104,232.7286377,218.9746399,422.5869446,207.2989044,474.5687256,216.4206085,10.1
304,304,110.1867447,224.5489502,232.9789276,219.8567963,422.8476257,207.479126,474.4249268,214.1642456,10.13333333
305,305,112.2508621,224.481369,233.0119781,219.7680206,422.852417,207.461731,474.4382324,214.1934967,10.16666667
306,306,111.4118958,224.2271576,232.9088135,219.8895111,423.519043,208.9966431,474.6689758,214.3269806,10.2
307,307,111.7709579,224.1965942,233.3742371,220.0525513,424.6185303,208.884964,476.5317383,214.7421112,10.23333333
308,308,110.7108383,223.6914978,233.3585052,220.179718,424.8456421,207.3331146,476.6629639,213.0084076,10.26666667
309,309,112.5731354,222.0396729,233.0558472,219.9030304,424.367218,207.289505,476.0520325,214.3099518,10.3
310,310,110.661972,221.9214172,233.1416321,220.1902618,425.0571899,206.9976044,476.0548706,213.2183075,10.33333333
311,311,109.0021057,220.1018677,233.3272247,220.1223297,424.6777344,206.8739166,476.2340393,214.5607147,10.36666667
312,312,109.8265991,220.3542633,233.4052429,218.6625977,425.3825684,207.5070038,476.2478943,213.5292206,10.4
313,313,108.7277985,219.7946014,233.7947235,218.6294861,425.4536743,208.9424286,475.9532471,215.2701874,10.43333333
314,314,108.9215317,219.3337708,233.6615601,218.5311279,427.3983459,209.2444153,477.5727539,212.8502045,10.46666667
315,315,108.887764,218.2865601,233.7843323,217.5979309,425.6780396,209.546936,477.4784546,213.437973,10.5
316,316,108.6369171,218.7547607,233.6774292,217.812912,427.7137756,208.4863892,477.3627319,215.705658,10.53333333
317,317,108.7363281,218.7747803,233.6528473,217.8552094,427.8301086,208.287323,477.3322449,215.7459869,10.56666667
318,318,108.8875427,218.1781769,233.1083527,217.3283081,426.0990295,208.0583038,476.8573914,215.8265686,10.6
319,319,109.482666,216.1921997,233.4122314,216.5648499,426.3588867,208.277771,476.9425354,216.7294006,10.63333333
320,320,109.70755,216.7634125,233.6108246,216.8013611,426.1932983,207.2461395,476.7505493,216.5381775,10.66666667
321,321,109.1257172,215.8544617,233.5418701,216.5451508,427.999176,207.0139465,477.1506042,217.3068848,10.7
322,322,108.5675735,215.9318695,233.7220612,218.1803284,427.5627747,206.6847076,476.9503784,216.1320801,10.73333333
323,323,108.5866852,215.8247681,233.6887512,218.1869812,427.6154175,208.6078491,476.8780212,215.9821167,10.76666667
324,324,107.9693909,215.8247223,233.5172272,216.7251587,427.2494507,207.8345642,476.8717041,216.61203,10.8
325,325,107.0855026,215.4182892,233.617218,216.8359833,427.2738342,208.2455444,476.8380737,216.968689,10.83333333
326,326,106.3930588,214.0445557,233.4600372,216.7482147,428.7927551,208.1184387,475.0111694,215.2129517,10.86666667
327,327,105.781601,213.3188477,233.5659027,216.7540588,428.9649963,207.4275208,475.1450806,216.8536987,10.9
328,328,105.9491196,213.1915741,233.5729218,216.9388885,428.2125854,206.879715,475.3894958,216.4105225,10.93333333
329,329,105.5901871,214.764328,233.2424011,216.8543396,428.1599426,207.2412109,475.3245544,216.8743896,10.96666667
330,330,105.2410812,214.1945343,233.2817993,216.7737885,428.2774353,207.1490479,475.5692139,216.3295288,11
331,331,105.1632919,214.1654816,233.1976929,217.3255157,428.2536316,208.5140381,475.8230286,216.4379883,11.03333333
332,332,105.1096344,214.4126587,233.1930237,217.3177032,427.7909851,208.1742249,475.9804382,216.4888,11.06666667
333,333,103.1867447,212.6536865,233.283905,218.9024811,427.593811,208.3387451,473.7390747,214.8786774,11.1
334,334,104.0441437,214.2495422,233.2194672,218.9817352,427.441803,206.4232788,473.8383789,214.5555115,11.13333333
335,335,103.5756226,213.9672699,233.2035828,219.0010681,427.3026428,208.2882538,473.8433838,214.5861053,11.16666667
336,336,103.8961639,213.9302368,231.3641663,217.7856598,426.9931946,207.5963135,474.6104126,216.2358246,11.2
337,337,104.349762,214.1344757,231.3000946,217.5632324,426.8598938,207.7525482,474.7539368,216.1721802,11.23333333
338,338,104.1404495,214.0450134,231.5758362,217.6072693,426.8584595,207.7470093,474.6632385,214.7733917,11.26666667
339,339,101.8016357,214.5655212,231.922699,217.9047089,426.8925171,207.773819,473.4263611,214.3598022,11.3
340,340,101.3743439,214.0892029,231.440033,219.3265076,426.8825989,207.6483002,476.7361755,216.4305878,11.33333333
341,341,101.6157761,214.555191,231.4566193,219.4103394,426.8208313,207.7594299,476.7867737,216.3136292,11.36666667
342,342,101.4883041,212.6768799,231.6863403,219.4264679,426.6647034,207.6946411,476.7260742,216.5927124,11.4
343,343,101.0701294,212.6038361,231.7514343,219.5587158,426.6824646,207.1234589,473.3440552,214.0767975,11.43333333
344,344,103.032135,214.0805206,231.7537384,219.4112091,424.9555054,207.4684753,473.3652039,214.0001678,11.46666667
345,345,101.4137268,214.3450317,231.228653,217.9495087,426.7435913,207.2849121,475.3920288,214.7097473,11.5
346,346,100.9659576,213.4116058,231.2658539,218.6688232,424.8555603,207.4965057,473.3827209,214.4176483,11.53333333
347,347,101.0167236,213.0362549,231.1291809,218.4627075,425.0854797,207.2319641,473.3826904,214.3983307,11.56666667
348,348,100.1873245,214.5906982,231.0429077,218.8856506,425.547699,205.9430542,473.3420105,214.6815796,11.6
349,349,100.3627243,213.0305634,231.2705688,218.9754333,425.9490051,205.2277832,475.347168,214.2063599,11.63333333
350,350,100.2070313,213.4299469,231.0602722,219.5279083,426.2892456,207.4087524,475.5053711,214.2793427,11.66666667
351,351,100.7860336,213.5736237,230.8230438,221.3442993,426.0160828,205.473587,475.4977417,214.0279236,11.7
352,352,100.9216919,213.2387848,230.9690399,221.4365845,425.3288879,205.1960754,474.6151123,216.3312531,11.73333333
353,353,100.8824005,213.4864197,230.8257294,220.9752502,427.3479004,207.1784973,476.6878967,215.9399109,11.76666667
354,354,101.0431366,213.7293243,230.4771881,221.3171997,427.2642212,207.0231171,476.29245,215.1825256,11.8
355,355,101.0744019,212.4064484,230.4489899,221.0852356,425.1503601,205.7500763,476.306427,215.5932922,11.83333333
356,356,101.560318,212.2815857,230.0311127,220.8413391,425.2009583,206.2064819,476.3092957,215.413147,11.86666667
357,357,101.32061,212.6498108,230.2158203,220.4382324,425.668457,205.6905365,476.5472107,216.043457,11.9
358,358,100.9998245,213.0366821,230.4740753,220.4874573,425.4603271,205.7797852,476.5236206,215.8779449,11.93333333
359,359,101.0196457,213.1197815,230.5915222,220.4472961,425.4924316,205.667038,476.4890747,215.8428955,11.96666667
360,360,101.3786392,213.2080688,230.1958313,221.2261047,424.3739624,206.2507019,475.6265564,215.7870789,12
361,361,101.2853241,213.4202881,230.4838867,219.5085297,424.7027588,205.7494659,475.6515503,215.3553009,12.03333333
362,362,101.0689621,214.0754547,230.1737671,219.1611938,424.9346313,207.1924896,473.5543213,215.0310822,12.06666667
363,363,101.0330658,214.2816162,230.3575439,218.614502,425.7117004,206.7122955,473.6541138,215.1580048,12.1
364,364,100.6700363,212.3558197,230.8069458,218.511795,424.1541748,207.8291779,473.7912903,214.2387238,12.13333333
365,365,100.7001801,212.3640289,230.7743683,218.3635864,424.1865845,207.8445129,473.7932129,216.32724,12.16666667
366,366,100.9501953,212.733551,230.5208588,218.8869324,424.4393921,206.9679413,474.6951904,218.2942505,12.2
367,367,100.9010391,213.776825,230.9151611,218.9863129,423.6087952,207.467041,472.9511414,218.7802734,12.23333333
368,368,100.8573532,213.3946228,230.8825836,218.3418884,424.5925903,207.4929657,471.7116699,218.2206268,12.26666667
369,369,100.423584,212.6849365,230.7933044,218.4836578,422.8923645,207.2776642,471.6142578,220.1144562,12.3
370,370,101.1262054,213.2222443,230.9764557,217.9089508,423.0132446,208.846817,472.5419312,221.7743835,12.33333333
371,371,101.2653275,213.6765289,230.9185333,218.0749969,422.9925537,208.750473,472.5518799,221.8706055,12.36666667
372,372,101.691124,210.2749329,230.9029236,218.167984,421.63797,207.6299591,469.6516724,223.0393677,12.4
373,373,102.3972855,212.6002045,230.976059,218.2282715,421.4777832,207.1448517,469.4883423,222.9885406,12.43333333
374,374,99.97242737,212.1700439,231.1381226,218.0651703,421.9173279,208.6157227,469.5868225,222.9179535,12.46666667
375,375,101.9948502,211.1013947,231.0748444,217.9618835,421.1967163,207.2076721,469.3450317,225.2896271,12.5
376,376,102.1532059,211.7737122,231.1866608,217.7933044,421.9150391,208.7356873,469.1140747,225.6217346,12.53333333
377,377,102.1522903,211.7171021,231.1975555,217.7430267,421.9344788,208.7002716,469.1183472,225.6175385,12.56666667
378,378,101.9422226,210.54216,231.3027191,218.1701965,422.0961914,209.0744476,468.8303223,225.814682,12.6
379,379,100.2627716,210.7060394,231.2913666,218.0257721,421.4947815,208.6504822,468.5840759,225.5975342,12.63333333
380,380,100.1425705,212.030365,231.4858704,218.4129791,421.3761597,208.7422333,468.2712402,225.3363037,12.66666667
381,381,100.011322,212.085083,231.3091278,217.2908478,421.4999695,209.3081512,468.1303711,226.8254395,12.7
382,382,100.0974121,211.6455994,230.9548798,217.3705444,421.8492432,208.6738281,468.0084534,226.6414337,12.73333333
383,383,100.1624298,211.6683502,231.0234985,217.3682556,421.937561,208.7060699,467.9735413,226.6162567,12.76666667
384,384,99.16228485,212.206604,231.0864105,217.3810272,421.913269,208.397995,468.5344543,225.1404724,12.8
385,385,99.32116699,210.9988098,231.620224,217.298645,421.9055786,208.6062469,468.1577148,224.796875,12.83333333
386,386,98.95135498,210.9173584,232.9596558,216.1899719,422.1577454,209.3381958,468.4828186,224.8062286,12.86666667
387,387,99.06263733,212.9815826,232.4970856,216.1418152,422.393158,208.7163849,467.6038513,224.3493195,12.9
388,388,99.27103424,211.3412781,231.1691132,214.4439697,422.8793335,208.2122345,468.1633911,222.2661743,12.93333333
389,389,99.23635101,211.6736908,231.4707184,216.638443,422.4657898,208.2746887,468.1477356,224.2693176,12.96666667
390,390,99.33795166,210.0908966,231.9599762,215.7796783,423.1157532,208.0571899,470.0273132,224.3620605,13
391,391,99.15148163,210.1176147,232.700531,214.9485016,423.2251892,207.5697174,470.2834167,223.7421417,13.03333333
392,392,99.23467255,210.9491882,232.6185455,215.0763092,421.8967285,209.3122406,470.2524109,222.3253174,13.06666667
393,393,99.19393158,211.4516602,230.9705811,216.1222534,422.5686951,208.9889984,471.9129639,222.2743378,13.1
394,394,99.12982941,211.5452423,230.9673004,215.7030334,423.7227478,209.1759338,472.0329895,222.0425262,13.13333333
395,395,98.99078369,211.6556091,231.0075226,215.8197174,423.6314392,209.4328613,470.1103516,222.1213379,13.16666667
396,396,100.8527069,210.6359558,231.4419098,214.4357147,424.1829529,208.4657288,470.8562317,219.7257385,13.2
397,397,100.6671906,210.3939819,231.542038,213.9580994,422.369812,209.6148071,472.6970825,220.5504608,13.23333333
398,398,100.9008179,210.5223083,229.5916595,215.8608398,424.1783142,208.5222931,472.6367188,220.7557678,13.26666667
399,399,98.61230469,210.2217407,231.5865936,216.0467224,422.431488,210.6182709,473.2081299,219.0833588,13.3
400,400,100.9857788,210.5745392,231.4639893,214.2603455,422.1141968,209.3267365,473.289917,219.645874,13.33333333
401,401,101.0463028,210.6084442,231.4630585,214.2560272,422.0735168,209.1951599,473.2841492,219.6795807,13.36666667
402,402,100.858078,210.843689,229.4389801,214.865799,422.4310608,210.1751709,473.1014709,219.1797485,13.4
403,403,101.0034943,211.098999,229.2866211,215.4022675,422.2588501,210.19104,473.2533875,219.3611298,13.43333333
404,404,100.989357,210.6638489,229.1841583,215.6912537,421.8377075,208.1981659,471.6993103,218.7612152,13.46666667
405,405,100.7846222,212.6382599,229.1856384,215.8364563,420.4987488,210.6088715,471.5500488,218.1601868,13.5
406,406,101.2608109,212.5325317,229.2486115,215.7081757,421.1343994,208.6952972,471.3539429,217.8441467,13.53333333
407,407,98.79331207,212.2841644,231.2369385,214.0289307,421.363739,209.0603485,473.0276489,218.2780304,13.56666667
408,408,100.5681305,211.5446777,231.0476379,213.951355,422.8990784,208.2159424,473.2172546,217.1719055,13.6
409,409,100.3939972,211.2360687,231.0889893,215.8011475,420.4660645,209.3734589,473.5068665,216.6981506,13.63333333
410,410,100.628746,211.0778503,229.116394,215.4649506,420.2922363,209.3679657,472.1816101,216.9782257,13.66666667
411,411,100.7689056,211.3197021,231.2675934,215.0674744,420.1572571,208.8565216,474.3041687,216.6878204,13.7
412,412,101.0648956,211.5686035,231.3013611,215.2423096,420.6540527,209.1012726,473.8134155,216.3918304,13.73333333
413,413,101.0473862,211.5121613,231.3135223,215.1934662,420.879425,209.3148956,473.8858643,216.2666168,13.76666667
414,414,101.1815033,211.6738739,231.4170227,213.1135864,421.1661072,209.4952698,474.0638733,216.4460297,13.8
415,415,100.736351,211.6146545,231.4143066,213.4523163,423.1515503,209.6730042,472.2835388,215.2833557,13.83333333
416,416,100.7555695,211.3221893,231.6507721,213.4873657,421.0757141,209.9910583,472.096283,213.3181915,13.86666667
417,417,100.5809402,211.7713928,231.7052917,212.8369598,421.2161255,209.061554,472.664917,212.473999,13.9
418,418,100.3678207,211.9738617,231.6899567,213.0270386,422.5012512,208.7494049,472.684021,211.1784668,13.93333333
419,419,100.3924561,212.0385132,231.7085571,212.8947906,422.5179749,208.8701782,472.822052,209.348114,13.96666667
420,420,100.4571152,211.1757813,231.730011,213.0898895,422.086731,209.2548523,474.5698853,210.2231598,14
421,421,100.7631531,211.2729034,231.7470551,213.0271912,421.6639709,209.950882,476.1069641,208.3917999,14.03333333
422,422,100.6245575,211.460907,231.8165588,211.3191986,421.6087036,210.5298309,476.2246094,208.3808899,14.06666667
423,423,100.6609268,211.9105988,231.7884521,211.3925781,421.7327576,208.5529785,476.8094482,208.1378937,14.1
424,424,101.3960648,211.5449219,231.8457642,211.4209747,421.6520386,210.9359436,475.5179138,208.455307,14.13333333
425,425,101.2753067,211.1745911,233.809967,211.735672,421.6978149,209.8385773,475.4769592,206.4277802,14.16666667
426,426,101.7001572,211.4803925,233.759491,211.7350311,420.9710999,208.9506226,475.5475769,207.7255096,14.2
427,427,101.5020447,211.3932648,233.9134216,212.0138397,421.1797791,208.3723907,475.1109009,207.3625031,14.23333333
428,428,101.7292557,211.405777,233.6585236,211.6569977,420.9471741,210.3650665,475.2972107,209.0652466,14.26666667
429,429,101.2272644,211.652771,233.6062775,212.0689087,420.6549683,210.6138,475.1916504,208.4757233,14.3
430,430,101.4264526,211.5414581,233.3355865,210.2844238,422.8335571,210.624176,476.5901184,210.0414734,14.33333333
431,431,101.4918671,211.5173798,233.2955933,212.3248596,420.5714417,210.4271393,476.5952148,209.7145691,14.36666667
432,432,102.4057617,211.34729,233.0657043,211.5879059,420.6460876,208.8118134,476.4836426,210.8821411,14.4
433,433,102.4515152,211.7527771,234.9681091,211.5401459,420.6304321,210.3840485,476.5766602,209.3070068,14.43333333
434,434,102.5130234,211.6114807,234.7457428,212.3195953,421.9563293,209.4522095,475.2281799,211.2036743,14.46666667
435,435,102.9762039,211.5336456,236.6084747,212.8504181,421.0704041,209.6463776,475.65448,210.9269867,14.5
436,436,100.7635193,211.8985291,236.5435791,213.0952911,421.6876831,208.69133,475.8472595,210.8209991,14.53333333
437,437,102.8922195,212.2190552,236.6533661,213.1071167,421.369751,210.6235657,475.873291,210.5939636,14.56666667
438,438,101.1022873,211.9027405,236.5517273,212.6281738,421.9122314,208.997406,475.9189148,210.7986603,14.6
439,439,100.9233627,212.0530243,236.6146088,212.6320801,422.0014648,208.5866547,475.569519,211.2233734,14.63333333
440,440,102.9690933,211.9852753,236.3655396,212.3182983,422.455658,209.5214691,474.8634644,213.6677094,14.66666667
441,441,103.0570679,212.359436,236.3789063,212.3522186,422.3558655,209.5997009,474.8899536,213.2542725,14.7
442,442,102.8291473,212.1334534,238.5102386,211.8397217,422.0283508,209.5232697,474.9147034,213.345932,14.73333333
443,443,102.7615051,212.1234131,238.533783,211.8981781,421.892334,209.3629761,474.9521484,213.2928009,14.76666667
444,444,102.2159348,212.5411224,238.3353271,211.4272156,422.1334229,210.0186615,473.3601074,212.6799316,14.8
445,445,102.2633438,210.6646118,238.4089661,211.8943481,424.0611267,209.9429016,474.9812317,212.7983704,14.83333333
446,446,102.3774872,210.7138977,238.530899,211.7084503,424.0308228,210.2085266,474.8539429,213.0918732,14.86666667
447,447,102.2066116,210.7815094,238.4671631,211.7584839,424.693573,209.2743683,474.5426025,213.7221222,14.9
448,448,102.3365326,210.6969604,238.5407104,211.0784912,426.4070435,209.9993896,474.8453369,213.4196472,14.93333333
449,449,102.3341217,210.7203674,238.5314789,211.0707092,426.386322,209.8880157,474.8158569,213.4417877,14.96666667
450,450,102.5400391,211.2248077,238.5069122,212.646759,425.0404358,209.6048737,474.5620117,213.3237152,15
451,451,102.3845062,211.0943909,238.5058289,212.5982208,426.9992371,210.7541199,474.223877,213.5328064,15.03333333
452,452,102.5112686,211.323349,238.4745178,212.3966217,427.1443787,210.4885559,473.9815369,213.6876221,15.06666667
453,453,102.3022614,211.638382,238.510498,212.5207672,427.2091675,211.6328583,474.8131714,213.3845215,15.1
454,454,102.21875,211.5399475,238.6515808,212.4039764,428.2340393,209.8627014,474.6330872,211.98703,15.13333333
455,455,102.1344223,211.5811157,236.6401215,212.5111084,428.0377808,209.9072418,474.7196045,212.0128326,15.16666667
456,456,101.2441635,211.4784393,238.9182587,212.6930695,428.7489624,211.1024017,475.6195679,211.857666,15.2
457,457,101.6010208,211.5769958,236.9510193,212.2043152,428.693512,210.3677979,475.2982178,212.0372162,15.23333333
458,458,101.8067169,211.5358124,236.9449768,211.9093018,430.8285522,210.597168,474.8051147,211.9350586,15.26666667
459,459,101.8751602,211.9463501,238.9028015,212.0789948,430.6316528,209.8807526,474.9293823,210.1468506,15.3
460,460,101.613678,212.1830292,236.7769012,212.2054291,432.9710388,210.059494,474.7484131,210.2297058,15.33333333
461,461,101.626152,212.2366333,236.7636261,212.2322388,432.9559631,210.1138153,474.7881165,210.1895142,15.36666667
462,462,101.7294312,212.3547974,236.8311005,212.5133667,433.1712036,210.3688202,476.901062,210.5831909,15.4
463,463,101.6397095,212.1948395,236.9957275,212.3780975,433.4468689,210.8997345,475.0336609,210.5705261,15.43333333
464,464,101.8041534,212.1887054,237.1448822,212.3020172,434.9369202,210.4936371,475.543335,209.3905487,15.46666667
465,465,101.7848816,212.5536194,236.914444,212.1114655,436.0495605,209.4832153,477.54953,210.5064697,15.5
466,466,101.0637512,212.0115662,236.9485779,212.169281,436.4013672,210.3921509,476.65802,209.7240295,15.53333333
467,467,101.1071854,212.0302429,236.9501953,212.1492462,436.1584167,210.2790527,476.6990662,209.6905823,15.56666667
468,468,103.7708359,211.546463,236.6153717,211.3557739,437.6125183,211.4591217,475.8953247,210.3948059,15.6
469,469,101.5929642,213.5194397,236.8365021,213.2769928,438.2219238,211.2358398,475.972229,208.4195557,15.63333333
470,470,101.8226013,213.6647186,237.0238953,213.011795,438.4098206,211.3290253,477.2602234,208.2060394,15.66666667
471,471,103.7558517,213.641983,235.2763519,212.8934021,439.6176147,210.4601593,477.8434143,207.9651489,15.7
472,472,103.4474182,213.1568909,236.5492401,213.3053741,440.1719971,209.6859589,478.2471008,209.4324493,15.73333333
473,473,103.5412827,213.2881012,236.8840637,212.8130798,438.877533,209.6269531,478.385437,209.3791046,15.76666667
474,474,103.1619644,212.4649048,234.9941254,212.8247986,439.7893066,209.7580566,478.8702393,209.0280914,15.8
475,475,103.1933517,212.7311401,232.8983307,212.144928,440.361969,209.5229645,478.7566223,208.8901215,15.83333333
476,476,102.8922424,213.5800781,234.7498779,212.9712524,440.0779114,211.4643097,476.9769592,208.1798706,15.86666667
477,477,102.0606613,213.3392792,232.6991882,215.5084686,440.914917,209.6215363,476.7893982,208.0518799,15.9
478,478,103.980545,215.1234589,229.0418243,214.2917938,440.4554443,209.8217468,478.6441345,208.4567413,15.93333333
479,479,104.0563736,215.1737671,228.9564819,214.2055664,440.3176575,209.724823,478.6010132,208.5094604,15.96666667
480,480,102.6975479,215.0005188,231.1542358,216.9505768,441.0067444,210.9117737,477.3943787,207.9957275,16
481,481,102.4938049,214.7711334,229.3046875,217.3529968,441.9284973,210.5474548,476.3656921,210.7362061,16.03333333
482,482,102.7356873,215.2228394,229.1483765,217.0878754,441.5070801,210.0716705,476.4730835,210.0929871,16.06666667
483,483,102.9143066,215.0148926,228.6246796,217.4434967,442.1312256,209.5964813,476.3066101,209.4945526,16.1
484,484,105.1378403,214.4257965,228.3758698,218.9021759,440.5250854,209.7532806,474.4943848,210.5874939,16.13333333
485,485,104.9483261,214.5750275,228.4150848,218.9546509,440.3580627,209.9334259,474.4724731,210.6507263,16.16666667
486,486,105.7623138,214.3650055,228.2402039,220.9256134,441.5653381,209.9984589,476.5626221,211.2877808,16.2
487,487,106.1405029,213.7335052,228.3028107,220.2582092,441.0529175,209.1868134,476.4675903,212.8841705,16.23333333
488,488,105.7106094,215.297226,228.4258575,219.9034119,440.336792,208.9940643,474.4174805,210.7873383,16.26666667
489,489,105.7730026,215.1609955,228.594101,221.8220062,441.8485718,208.9542847,474.4348145,210.6407166,16.3
490,490,105.9672241,214.8997192,228.6425476,220.0515594,442.074707,209.4858856,474.3532715,210.8041534,16.33333333
491,491,106.2408524,215.0629272,228.3433533,221.713974,440.0902405,209.6805725,474.3912354,213.1915741,16.36666667
492,492,105.806839,215.9942169,228.0171967,221.367691,439.778595,208.9976501,474.2364502,212.5567932,16.4
493,493,105.7256927,214.690918,227.9282379,219.2264709,439.7101746,209.0259247,474.2276001,210.6192627,16.43333333
494,494,106.0538864,214.620636,227.9408569,219.180954,440.3959656,208.9178772,474.1379089,210.498291,16.46666667
