,image_id,c1_x,c1_y,c2_x,c2_y,c3_x,c3_y,c4_x,c4_y,c5_x,c5_y,t
0,0,122.7746582,215.9259186,180.9178314,221.9086304,329.7228699,211.8388977,450.0931396,211.7250671,513.3518677,214.7567139,0
1,1,121.129921,215.8336639,179.9402161,220.9032593,329.4553528,212.0371552,449.5280762,211.7279053,515.9631348,213.9725494,0.033333333
2,2,121.5236206,216.0306549,179.9488831,221.5764618,329.5044861,212.391861,449.9526672,211.0656128,516.8669434,214.5691376,0.066666667
3,3,121.8711014,216.003418,179.3229828,220.86203,329.6489563,210.5595093,449.9490967,211.1715088,518.9820557,213.2809601,0.1
4,4,120.6598511,216.2353363,178.9033966,219.711731,330.063385,212.0334778,450.2454529,210.8653259,521.7496338,212.2810059,0.133333333
5,5,119.2213821,214.4340668,179.5080872,218.0746613,330.8501587,211.6549225,450.2606201,212.5943604,522.7858887,212.0292664,0.166666667
6,6,121.2317276,214.3815155,179.5428925,218.3247375,329.1748962,212.1403046,450.0101318,211.1975708,521.7161865,212.0943604,0.2
7,7,120.2512741,215.5279236,180.7878571,219.7080383,330.5034485,210.7915649,449.4701843,211.1791992,524.1298828,210.5822601,0.233333333
8,8,119.1603088,215.436554,181.0351563,219.565506,329.9608154,212.2158508,450.0789185,210.3628235,526.2678223,210.139679,0.266666667
9,9,118.7895889,214.4414215,182.2760773,219.2428284,329.8126221,211.6863251,449.1397705,211.3205872,527.2124023,208.4685364,0.3
10,10,119.2845764,215.2541199,183.8145294,220.0596161,329.962738,211.2856598,449.6167603,211.6981506,527.5192871,209.7190552,0.333333333
11,11,118.7739944,216.0667572,183.0476227,222.1264954,329.4819336,212.5303345,450.6498718,210.056839,529.9086304,208.80159,0.366666667
12,12,119.1499634,215.9528656,184.7799835,221.4258881,328.550293,212.6588745,449.9640503,210.5126648,530.65979,208.468689,0.4
13,13,117.787674,215.9309082,184.710495,221.7034912,330.1713562,211.0474091,450.4848633,211.600769,531.338623,208.4387512,0.433333333
14,14,116.2433701,215.6464081,185.7518005,221.5864868,328.7569885,213.0088043,449.3007507,210.6186829,533.6917114,208.1674805,0.466666667
15,15,116.846199,215.2436829,189.0055084,222.0982819,328.7521667,211.2537842,450.0726929,210.1665039,534.0250854,208.4131165,0.5
16,16,115.2805939,215.2866516,190.1725006,222.8074036,329.9736938,212.8483582,450.7037354,210.2620544,536.5518799,207.4835968,0.533333333
17,17,114.8763275,215.8733673,192.2411652,223.977829,329.5153503,211.9975128,450.4216614,211.4329834,536.614563,209.6212158,0.566666667
18,18,114.1973343,215.2749634,190.3551941,223.5611725,330.1838074,212.1404572,450.457489,211.2097321,537.1790771,208.2276459,0.6
19,19,115.7559662,216.0686798,193.9495697,225.8896332,329.8369446,212.0642548,450.695343,209.5515137,537.6491089,207.9290771,0.633333333
20,20,114.9719162,215.2762451,194.7774658,226.9938202,328.4660645,212.5096588,450.6063843,208.0593262,539.9041748,207.6567383,0.666666667
21,21,115.4652023,216.5511932,197.0726624,227.4644623,329.6177368,212.3520203,451.3864136,209.8309631,539.7678223,207.987854,0.7
22,22,114.6738663,215.7090302,198.8374786,228.6028137,329.8912354,212.3000031,451.4912415,209.6857605,542.303894,208.0220642,0.733333333
23,23,115.0331116,217.2581482,199.7381439,230.3830109,327.6132507,211.8298645,450.3033142,210.8777466,542.9396973,208.7157593,0.766666667
24,24,115.0471268,215.6909943,199.995575,231.0210419,327.8850708,211.7626495,451.8568115,210.6929169,542.6182861,207.4287109,0.8
25,25,113.3056641,216.723114,203.2933807,231.0250092,327.9840088,211.883606,452.029541,210.6208496,544.7564697,207.3917084,0.833333333
26,26,114.0462799,216.726181,204.2759857,231.1180115,327.7689209,211.6294403,451.7421875,210.642868,544.770813,206.9141998,0.866666667
27,27,113.7839584,216.8861237,206.192337,229.6857452,328.0202637,212.3082886,451.3997498,210.040802,546.6655884,207.8371124,0.9
28,28,112.2904816,216.5626373,208.2066803,230.9577789,327.5445557,211.918457,450.8212891,209.5812988,546.7392578,208.3965302,0.933333333
29,29,112.3126907,216.9914551,210.8277893,228.6744385,327.6379395,212.2848358,451.3339844,210.9579773,546.8463745,207.6311493,0.966666667
30,30,111.6985168,215.2003632,209.7977448,228.5665436,329.1986694,212.4725494,451.3417053,211.2747498,548.7714233,208.4841766,1
31,31,112.1979294,215.9776764,211.6374817,228.0385284,327.785553,213.0228577,450.5117188,211.2853394,549.076355,209.0467682,1.033333333
32,32,112.8291473,215.2428284,211.5880432,225.9583282,329.8979492,212.3994141,450.8753662,210.9957733,548.0638428,207.4354095,1.066666667
33,33,112.311142,215.2494659,214.1683044,225.9672546,330.9487,214.3249054,451.8205872,210.2609406,548.5324097,208.8498383,1.1
34,34,111.8726196,215.8774567,212.5624847,225.6401215,329.8040161,215.6893005,451.8502197,210.468399,548.4277344,208.1779633,1.133333333
35,35,112.1293335,217.0809937,213.4572754,223.6930389,328.7992554,214.7888031,451.5449829,211.000351,548.2134399,208.5039978,1.166666667
36,36,112.9330826,215.1226959,212.7975464,224.296463,330.5038757,216.4441376,451.9845581,211.2773438,548.5717773,209.0356445,1.2
37,37,110.9612808,217.2449646,212.6826019,223.3359222,331.6159058,215.1316833,452.8692627,212.1895294,548.751709,209.4407959,1.233333333
38,38,112.6115417,217.0289764,212.5577393,221.2998962,332.1681824,216.1606598,452.8406982,211.5644836,548.8585815,210.5193329,1.266666667
39,39,111.5289917,217.5146637,213.4768219,221.8570557,332.2764587,213.8701172,452.5866699,211.0627136,548.3887939,211.9850922,1.3
40,40,111.8662567,215.7750549,212.8905487,221.0785522,331.7019653,214.5310211,452.5376282,211.5593872,548.946106,211.1611023,1.333333333
41,41,111.9786987,215.3255615,211.3709412,221.4299622,333.8173523,215.3507996,452.315155,211.1664429,548.7529297,213.8890686,1.366666667
42,42,112.141716,215.2542267,211.3377228,221.1537933,332.0143127,215.3521729,452.3705444,211.1006927,548.7121582,212.0286713,1.4
43,43,111.5375824,216.6153107,210.6938019,220.8370056,334.005188,214.9918823,452.4269409,211.7505341,548.4781494,213.3077087,1.433333333
44,44,111.41716,216.2397919,209.2919769,221.0996552,335.3308105,215.0475616,452.4594116,212.0563049,548.4363403,214.6537476,1.466666667
45,45,112.6111755,215.9203491,208.6943054,220.5727386,333.6749878,213.6818237,454.6043701,212.6748352,550.2149658,215.4219971,1.5
46,46,111.5728378,216.229126,207.1446686,220.5809021,336.3788757,216.1578522,454.0361023,212.8071594,550.3776855,215.4849243,1.533333333
47,47,112.4945602,216.3064117,207.4136047,219.9680634,337.0869751,214.128418,453.7121277,211.6075897,550.6506958,214.4136963,1.566666667
48,48,112.5233612,217.288147,207.7176056,218.6952362,336.8888245,215.2703552,454.2242737,211.619751,550.7219849,214.7150116,1.6
49,49,112.6549149,217.4488068,205.6999512,220.0453491,336.6205444,213.8004761,454.0703735,210.899353,550.8352661,214.6233368,1.633333333
50,50,111.6519165,217.0108795,205.7776794,219.2348938,338.2167053,215.2381287,454.1803284,211.6621704,550.9458618,214.8682251,1.666666667
51,51,111.9034424,217.4525909,202.9423523,218.6105499,337.8235168,214.4016418,453.8358154,211.9973297,550.7593384,214.1790009,1.7
52,52,112.1884079,216.3359528,202.9418335,219.4328461,336.6629333,212.2787781,453.7662964,212.0705261,550.6489258,213.7758026,1.733333333
53,53,112.438118,215.8463593,200.5237122,219.5938263,338.3279114,212.9127045,454.1051636,211.9952087,550.6448975,213.8021088,1.766666667
54,54,110.6074295,216.301712,200.375061,218.2195282,336.4553833,211.7413788,453.8406372,211.8408508,550.6873779,213.8871613,1.8
55,55,110.8814697,216.3120575,198.6565247,219.5514221,336.6939087,211.7440948,454.1069641,212.6039276,550.9981689,214.3283386,1.833333333
56,56,110.9962006,216.3226166,196.7092743,218.1123352,336.7694397,211.9790039,453.8909302,211.4938354,551.0864868,212.8226318,1.866666667
57,57,110.4667435,216.4405365,194.5069275,219.3876038,337.8389587,212.0958252,454.052124,211.752533,553.0824585,212.3860474,1.9
58,58,112.2140656,215.6827393,194.3181458,218.6155396,337.8406372,211.5151062,453.7709961,211.1572571,552.7154541,212.0593414,1.933333333
59,59,112.0469055,216.5471039,192.4562683,219.3226929,337.8504944,211.6156769,453.8191833,212.4658508,551.6337891,213.0731506,1.966666667
60,60,111.0153046,217.2384033,192.5228577,218.6726227,337.9956055,211.7661743,453.8354492,211.7322235,552.4190674,213.2125549,2
61,61,110.6907806,215.6233368,192.0294952,220.283371,337.3395691,211.901413,454.7165527,211.5092468,553.222229,212.7731628,2.033333333
62,62,111.7200241,217.312561,190.2311859,218.6374664,337.3776855,211.4003754,454.6077881,211.1385345,553.0508423,210.4092407,2.066666667
63,63,111.2338562,215.3788452,191.1960297,220.1324768,337.1341248,212.2897186,454.1009827,211.5970001,553.3482666,210.694809,2.1
64,64,111.8637848,216.1093597,190.2782288,220.0375519,337.3415527,211.1595154,454.2487488,211.7101746,551.5482788,209.8953094,2.133333333
65,65,112.4406433,216.9093628,189.4101868,218.519455,337.1123657,212.039093,453.5913696,211.2456207,551.6295166,208.3767395,2.166666667
66,66,112.1334763,216.9900208,189.5007019,218.5385132,336.9830933,212.4142609,453.6228638,211.2632446,551.6105957,209.6234741,2.2
67,67,112.8038101,216.8644714,188.437027,219.1857147,335.8535156,211.3139496,453.9002075,212.6750946,551.1066284,208.4311066,2.233333333
68,68,112.9211426,216.8231659,188.3021698,220.8163605,336.0195007,212.0346985,453.2674255,212.6969299,551.3137207,207.594635,2.266666667
69,69,111.6313171,216.8929443,188.4214783,220.8838196,335.8811646,212.0934753,453.8558655,210.5162354,549.2345581,208.4796295,2.3
70,70,113.4957581,216.9819641,187.6835632,222.066452,335.6235962,210.6187134,454.7490845,211.0871887,549.2851563,208.9446106,2.333333333
71,71,111.7690964,216.5520172,188.6258087,222.0430603,334.8757935,210.2678223,454.8788147,211.868454,549.4116821,208.3490906,2.366666667
72,72,112.5641403,216.0731964,188.2007904,221.3672943,335.6669922,212.108963,454.5990601,211.6378632,549.9674072,208.2412109,2.4
73,73,112.2628021,216.942749,187.9885864,221.3473053,333.7055969,210.4320984,454.4135132,211.6134796,549.2501831,207.9876709,2.433333333
74,74,113.4949646,217.2041931,187.8878632,222.8600922,334.8468628,211.3686371,454.4126282,211.8310699,547.2108154,208.4184418,2.466666667
75,75,111.8810501,217.4246521,188.1511383,223.4141388,334.8646851,212.1205902,453.9174805,211.584198,547.4282227,207.5321503,2.5
76,76,111.7329712,217.7473145,188.2779541,222.5612793,333.3486328,211.6709137,454.3471069,211.5182953,547.0648193,208.0095215,2.533333333
77,77,112.3458939,215.8823242,189.7045288,222.1248169,333.5372314,211.8759766,453.8952942,211.2643433,545.1627808,207.7303925,2.566666667
78,78,112.3070755,215.7893372,189.8553162,222.1112061,333.6008911,211.9632111,453.7998657,211.3413086,545.1650391,207.9435425,2.6
79,79,113.0462418,216.7449341,189.7315369,223.5413208,333.4661865,211.8288422,454.9027405,210.6027832,545.4586182,209.6345825,2.633333333
80,80,113.4851837,216.1308899,189.5930939,221.9496155,333.1721802,211.8867188,453.8768616,211.0943604,543.62146,209.8540955,2.666666667
81,81,113.443306,216.068512,189.5402679,222.0610199,333.1067505,212.0229645,454.3778687,211.3100586,543.4993286,208.4829254,2.7
82,82,112.6667938,215.9214172,189.7269745,221.8988342,333.3735352,211.5123901,454.3330078,211.5052338,541.4492188,209.0904083,2.733333333
83,83,112.5381317,217.4442444,188.7492676,221.8952179,333.057373,211.7965393,452.7705688,210.4266357,539.7652588,211.2746277,2.766666667
84,84,113.0882568,216.5502167,189.3914795,221.5688324,334.0249939,210.5306091,452.8925476,211.2458496,540.1967773,210.7829437,2.8
85,85,115.2254028,217.2548981,189.8941498,222.4265442,331.9814148,210.786087,451.8486328,211.6208038,537.8327026,211.5230865,2.833333333
86,86,114.9172211,217.7454071,189.6034393,222.6266479,331.7145691,211.0827637,451.9111023,211.2215424,537.9103394,212.5304565,2.866666667
87,87,114.5971985,218.1874237,189.3638916,222.9763184,331.5401001,211.6820374,451.4544678,211.4622803,537.3197632,211.5154572,2.9
88,88,116.0663986,218.0298615,189.1985168,224.5680389,331.7828369,211.371109,450.744812,211.9221191,534.9052734,210.8754425,2.933333333
89,89,116.5020599,217.8727722,189.1955872,224.6937714,331.8179626,212.1072693,451.8918457,212.0133362,534.3136597,211.0133514,2.966666667
90,90,116.4011383,217.8083954,189.2356262,224.2199402,331.9020691,212.3980103,451.5067139,211.4159851,533.1967773,209.6579132,3
91,91,116.2203979,218.1480713,189.8145294,225.0880585,331.651001,211.603302,452.008667,211.6227875,532.258667,211.4704285,3.033333333
92,92,118.3026199,217.0028381,189.6943207,227.338562,332.0118103,212.2192078,451.3322144,211.7077942,531.2636719,209.2065735,3.066666667
93,93,118.9255371,218.833847,189.3284912,227.8236694,332.2445068,211.2800598,452.2304077,212.434082,530.1153564,211.7810364,3.1
94,94,121.6473312,218.3946991,188.5771637,229.3508453,331.5979309,212.2238007,452.0560913,211.8548584,528.9502563,210.6352844,3.133333333
95,95,122.113678,218.9541626,187.6505432,229.2745209,329.9120483,212.2179108,454.152832,211.8332214,529.1976929,211.7473145,3.166666667
96,96,121.0851822,220.525238,189.6194458,229.2124176,330.3469543,212.6156769,453.510437,211.3139038,529.6300049,212.3275757,3.2
97,97,122.3851471,219.7297363,188.9325714,229.1187286,330.3784485,213.0715942,453.326355,210.9111328,527.8675537,211.7620087,3.233333333
98,98,123.473053,221.5810547,188.9164581,229.4807892,329.8538818,213.1416626,455.0837402,211.4737701,527.46521,211.6073303,3.266666667
99,99,122.6103668,221.0335236,188.513382,231.2075195,329.6258545,212.5306091,456.2666626,210.85112,525.7192993,211.5437469,3.3
100,100,125.0044708,223.071167,188.3164673,230.3940582,329.9967957,212.8253326,457.2306824,212.5413208,525.6904907,212.0546722,3.333333333
101,101,125.5035324,221.864212,187.8964081,232.4953003,331.0487976,212.9734955,457.4850769,211.6364899,526.2548828,211.3366699,3.366666667
102,102,125.4967957,222.2639313,188.1291504,232.3996429,331.1212158,213.2376251,457.4773865,211.5102081,525.717041,211.2981873,3.4
103,103,126.3928299,221.5957947,186.9796143,231.1449585,329.6416931,213.9324188,458.6269531,211.3110199,524.734314,210.2494049,3.433333333
104,104,125.7571259,221.5362396,185.7085571,232.1893005,329.755249,213.8150787,458.6620789,212.9980621,525.2155762,211.6452637,3.466666667
105,105,128.1361237,220.9069824,184.8806305,229.9404602,330.8968811,214.6645203,456.7227173,211.742569,524.7217407,211.1250763,3.5
106,106,126.8237991,221.121994,183.495163,228.7312164,329.92099,214.7652588,457.4901123,212.6117096,523.7185669,211.2428284,3.533333333
107,107,129.5850983,220.2154541,183.6806946,228.5942078,330.5961304,214.9399719,456.0385742,212.5279083,523.4196777,210.7521362,3.566666667
108,108,129.1185303,220.3166199,182.822525,228.8503418,330.6340942,215.2338257,455.9452515,212.7614441,522.6497803,209.7936707,3.6
109,109,128.8533783,221.271225,182.7192688,227.8968048,330.5235901,215.2786713,455.1900635,212.8538513,522.7229004,209.7633209,3.633333333
110,110,130.5715637,219.4172974,182.3259888,227.6768036,330.649231,215.5789642,454.7961121,212.0344391,522.8634644,209.8084717,3.666666667
111,111,131.0275574,220.7549896,180.9353638,225.8278351,330.2911987,215.4508362,455.0970154,211.9459229,523.0328979,210.1694641,3.7
112,112,132.629303,220.2784729,181.4277191,226.5354767,330.7175293,215.5675049,454.2339783,213.0146484,522.604248,209.9766541,3.733333333
113,113,133.1871338,219.8462067,181.7551727,225.0775757,330.7255554,215.5996704,453.7560425,212.1253967,522.8618774,209.0138245,3.766666667
114,114,133.0258331,219.6486511,181.8667297,224.8989563,330.9324951,216.3173676,453.6853638,212.5758057,523.578125,209.1877441,3.8
115,115,132.9886627,220.8838501,182.6575775,225.2575226,330.9707031,215.9788818,453.3806458,212.4264069,523.0149536,208.8899231,3.833333333
116,116,132.2303009,220.4404144,181.9088593,224.2582855,330.203125,216.3666077,453.9309998,212.4867096,524.0001221,207.1478577,3.866666667
117,117,133.5445251,219.1320038,181.3222504,224.8379211,330.7353516,216.3801422,454.572113,212.9998779,525.6213379,208.4733124,3.9
118,118,134.4221802,219.8627777,181.2702179,225.2527161,329.911499,215.9097748,454.4384766,213.7435913,526.2028809,207.5006561,3.933333333
119,119,134.234726,218.8798065,181.7955933,226.0058746,329.6853333,215.8132782,454.3338013,212.4208374,526.1431274,207.3962555,3.966666667
120,120,133.2394562,219.5904999,183.1422729,225.7603607,329.6752319,216.2793579,454.0252991,212.7525787,525.8444824,207.7656403,4
121,121,135.9546204,218.1580811,183.1662598,226.3539276,330.6800537,216.1672211,454.4134216,212.4673767,527.8475952,205.8409119,4.033333333
122,122,136.6139069,218.4289398,183.5395966,226.730896,330.3905945,217.6103363,455.4893188,211.4684143,528.2230835,205.5514984,4.066666667
123,123,136.9638367,219.5093536,183.6899719,226.2069855,330.1361389,217.1400452,455.1212158,211.1013336,528.0485229,205.4914856,4.1
124,124,137.2201538,217.9239502,185.0462189,225.9717255,329.7462769,216.7524261,454.8854675,211.3157654,530.6854858,205.3459167,4.133333333
125,125,136.8882599,218.2901459,186.1911774,226.2310638,330.0733948,216.7732239,455.604126,211.6974945,531.1242065,205.1509399,4.166666667
126,126,137.0621643,218.0380096,186.7095032,226.1843567,329.7745972,218.3383179,455.765564,211.4365234,531.4782104,205.2361755,4.2
127,127,136.8791199,218.3663025,186.6030121,226.7139893,331.2251892,218.3720093,455.5771484,212.0821533,531.5452881,205.6287842,4.233333333
128,128,136.2936401,218.2605743,187.1494446,225.3468018,330.7161255,218.2193146,455.546814,212.4436951,533.1708984,205.2664185,4.266666667
129,129,137.3995361,216.64711,188.6758728,225.5386658,330.4092102,218.3156738,456.0466003,212.468338,533.9282837,205.2887726,4.3
130,130,137.4453278,216.9824219,190.652832,224.9779358,329.6916199,218.0987549,456.2525024,211.9573364,534.1710205,205.2379608,4.333333333
131,131,137.72229,217.0170593,191.8372803,224.7365112,330.7835083,218.1507568,456.1253662,212.1905518,535.4570923,205.0661163,4.366666667
132,132,136.846817,216.8188629,192.0527954,224.4569397,329.9185791,219.0928955,457.1009521,212.160202,534.8000488,204.9261017,4.4
133,133,136.156311,216.8442688,192.6906891,224.3564453,329.4300842,219.2965851,456.9967041,211.9719391,535.274231,205.1097565,4.433333333
134,134,136.7739563,216.5446167,194.6607208,223.2773895,330.4339294,218.1911469,456.5811462,212.4608917,536.7195435,204.7923584,4.466666667
135,135,137.6835327,216.371582,194.4139252,223.5802307,330.6717529,217.8366547,456.492981,210.8400421,536.6690063,206.8090057,4.5
136,136,137.4285583,216.8042755,196.58255,222.7575684,331.3752136,219.3573761,455.9657898,211.7175446,537.4299316,206.7829895,4.533333333
137,137,139.1931,216.4233246,195.8164673,222.304657,330.3667297,217.9688873,455.8733215,211.5019684,537.1789551,207.2102661,4.566666667
138,138,137.4876709,216.9128418,195.8885498,222.3705444,330.6166687,217.7130585,456.2910156,211.2552948,537.2813721,207.5516663,4.6
139,139,137.8874207,217.0573578,197.0188293,221.7257843,331.1567078,218.4940643,456.8700256,211.9213867,538.5881958,207.3652496,4.633333333
140,140,138.7606812,215.8221588,196.9679413,222.2735748,331.1944275,218.1972046,456.2575378,212.5357361,538.0805664,207.6516724,4.666666667
141,141,139.0786285,216.974884,196.2706909,222.1170654,329.7641907,219.0164948,455.5632629,212.6336365,537.8356323,208.7124176,4.7
142,142,138.6187744,216.8200684,197.4516449,222.2600098,330.0349731,219.4496613,457.1017456,212.7096558,538.2335205,207.7568359,4.733333333
143,143,140.5854645,215.2638397,196.4647369,222.3813934,330.4226379,219.685318,456.249939,212.8964539,538.8156738,209.3639832,4.766666667
144,144,140.747345,216.2328796,197.9009094,221.9624023,331.5314026,219.6417847,455.9860535,212.1455688,540.7296143,209.7993011,4.8
145,145,140.484436,215.0431519,196.9535828,221.4521942,330.5569153,219.3674316,456.598114,211.6780548,539.8572388,210.6482239,4.833333333
146,146,138.9225159,216.1683044,196.2326965,221.556839,332.2700806,218.3695374,456.0144958,211.4207916,538.4144287,212.8157959,4.866666667
147,147,139.7433472,216.9273987,197.2418671,222.4651947,332.6941528,218.083374,457.4224854,211.4730225,540.7276001,213.115921,4.9
148,148,140.838089,215.6297455,195.7202454,221.8346405,331.1180725,217.1251831,455.7247925,210.6432037,541.0108643,213.1195679,4.933333333
149,149,141.029953,215.4512634,194.446579,221.9995117,330.5096741,218.3001556,457.0016174,210.5115356,540.2681885,215.307663,4.966666667
150,150,141.0498657,215.0730133,194.240799,223.3151703,330.2263184,218.5157471,457.1673279,211.4677124,541.5111694,213.7887268,5
151,151,139.7203064,213.9015198,194.0914612,223.7087097,331.28302,217.7445679,456.776886,211.5806274,538.8746338,216.0153351,5.033333333
152,152,139.8443909,213.5685272,192.754776,222.919693,331.2657471,218.2962036,457.1081238,211.2347412,540.493103,216.0328827,5.066666667
153,153,139.8218689,213.4272919,191.6199799,223.581665,331.5915833,217.4382019,456.4413757,211.9176331,539.3969116,216.0356293,5.1
154,154,140.1655884,214.386673,191.8385773,222.5771637,330.9417725,216.2682648,456.6844177,212.0648193,541.0230103,215.923172,5.133333333
155,155,139.9011993,213.5360107,191.903656,223.8197174,332.8106079,217.0726013,457.1186829,211.9613647,540.227417,216.6309509,5.166666667
156,156,139.7445374,213.2196808,191.8305817,224.0988007,332.1944275,216.005127,455.5855713,213.2359467,539.7310181,216.6964111,5.2
157,157,140.1488342,212.5339813,190.2832184,223.412323,332.0501404,217.349762,455.2461853,212.2790833,540.0463257,215.1550751,5.233333333
158,158,139.2900543,213.4411469,190.7887726,223.3034973,332.4796753,215.6226959,454.7846069,212.4661255,541.6304932,215.5123749,5.266666667
159,159,138.9316101,213.2253113,190.0401154,223.0801239,332.8342896,216.5691986,455.2282715,212.8052521,541.571167,216.5596466,5.3
160,160,138.8720551,213.3885345,189.2377472,223.6831818,332.3546143,215.585144,455.7154541,212.6912384,543.8884277,215.297821,5.333333333
161,161,138.4681091,213.5668945,189.6215668,223.8140106,332.64505,215.3612671,453.5765381,213.0883789,544.187439,214.2673798,5.366666667
162,162,138.5667267,213.1528625,190.8265991,222.6851807,332.6411438,215.9243469,453.6368408,212.7765045,543.6129761,214.7230225,5.4
163,163,138.5721283,213.1400909,190.9946136,222.519577,332.7047424,215.863205,453.5995483,212.9320374,543.8345337,214.5998383,5.433333333
164,164,137.7663879,212.8807678,191.3253021,222.4573364,333.0411072,216.1901703,453.632019,212.9832001,544.0666504,213.0135956,5.466666667
165,165,138.1844635,213.1921234,190.6467743,222.3134918,333.243927,215.2251892,453.9963684,212.7867889,545.6827393,210.9300995,5.5
166,166,138.1734772,213.7475739,191.2599335,221.80867,333.0910645,215.0622559,453.15625,212.7853699,545.5112305,210.458374,5.533333333
167,167,136.8054504,214.4369202,191.1688843,222.8516846,332.896698,216.2200623,453.1716003,212.2419586,545.4238892,211.1725159,5.566666667
168,168,137.7175446,214.3943939,192.9790649,222.5503845,333.1916809,213.5321198,453.3624878,212.3844604,545.3880615,208.3499146,5.6
169,169,137.6541443,214.2998047,192.8336182,222.653717,333.2436523,213.4385071,453.2323303,212.0109558,545.4971924,208.3079834,5.633333333
170,170,137.39888,213.5079041,191.1650543,223.7457581,333.5419312,213.3437042,453.6211853,212.0158386,547.8572998,208.6219025,5.666666667
171,171,136.3094788,213.3822937,192.2937622,223.3825531,333.6072693,213.5314331,454.4682007,211.5804291,547.6400757,207.9140472,5.7
172,172,136.1222687,214.5131073,193.8042603,224.2285919,332.4138794,214.3823547,455.1323853,211.4254761,547.7095947,207.5930786,5.733333333
173,173,135.3924561,214.7871246,192.9528961,225.0475616,332.8220825,213.8250885,454.8453064,211.8176727,547.3112793,207.2435303,5.766666667
174,174,134.6463013,213.7072144,192.6673279,224.98909,332.436615,215.2917023,454.604187,211.77771,549.2075806,207.5392761,5.8
175,175,134.588562,213.6271667,192.6211243,224.7419128,332.5568542,215.2651825,454.7007751,211.9861908,547.3096313,207.4075775,5.833333333
176,176,134.2695313,214.6435547,194.0113831,224.2364197,332.5089722,214.8581238,455.1113892,212.3155975,547.6615601,207.4852905,5.866666667
177,177,134.370285,214.8409119,194.1917114,225.6292267,332.3589783,213.3788147,455.1951904,212.1871948,548.4928589,206.8013,5.9
178,178,134.4721985,214.6240387,193.4367523,224.4209442,332.9464111,213.9815979,455.5632324,211.4269104,547.9180908,207.4342957,5.933333333
179,179,134.3667603,213.9581299,192.3680267,225.9088898,332.6913757,213.9448395,454.7328491,211.3929749,547.7607422,207.4754181,5.966666667
180,180,134.4661407,214.8356476,192.5685883,226.2266083,332.5692444,213.9133148,454.8468628,212.5065308,547.7104492,205.7300262,6
181,181,134.5748291,214.9364166,192.5887451,226.3161011,332.6813965,213.9635925,454.9530029,212.0665588,547.8028564,205.8101807,6.033333333
182,182,134.1363983,214.2857056,192.7432861,224.9921417,333.9049683,213.075882,455.0055847,211.8960266,547.5460815,206.4399261,6.066666667
183,183,133.7097931,214.7656097,193.8831024,224.8806305,332.9063721,213.5053253,455.2242737,211.6038818,548.0150757,206.4217377,6.1
184,184,133.2232056,215.0505524,192.1602325,224.3447266,332.7319946,214.0818787,454.2052917,211.8760376,547.9042358,205.8693542,6.133333333
185,185,133.5368195,214.428421,192.039093,224.0522766,332.5843811,213.4670258,454.7685547,212.0941772,547.4475098,206.3066559,6.166666667
186,186,132.015274,214.8734894,190.6380157,224.0209808,333.8650818,212.0822754,454.848175,211.7700806,547.1890869,205.605896,6.2
187,187,132.1461029,215.1807404,192.1109009,223.6507568,333.4403381,212.0895844,453.3209839,211.7868652,547.4493408,204.8358917,6.233333333
188,188,132.7225952,215.0108185,190.2424469,222.3239136,334.0005493,212.7034149,454.8558655,212.289505,545.230957,204.6837463,6.266666667
189,189,130.3654633,213.2909088,190.1174774,222.2379303,334.1421509,213.1433563,454.8995056,211.9134827,545.3515625,206.182663,6.3
190,190,131.7653351,214.7922211,190.0394592,222.2293701,334.330658,213.2129517,455.0071411,211.7810059,545.5196533,204.6977692,6.333333333
191,191,131.9284058,214.1586914,190.3338623,221.9008789,333.649353,214.2371674,454.7198792,212.2949677,545.7365723,204.9977875,6.366666667
192,192,130.1396942,215.0884247,191.5309448,222.6817627,333.1222839,213.7162018,454.5110474,212.1533813,544.2836304,205.1357727,6.4
193,193,130.1660156,215.2562714,189.8403015,222.7011108,333.2012329,213.9151001,454.4914551,212.0921478,544.3444214,205.3178558,6.433333333
194,194,131.5644379,214.2430878,191.893692,221.5581818,334.3444519,213.885025,456.1481018,211.4672852,544.2311401,206.5515594,6.466666667
195,195,130.8895264,214.9412842,191.1336212,221.6559906,334.7896729,213.8580017,454.7821045,212.66922,543.901062,206.0597839,6.5
196,196,131.2312927,215.6587067,190.7302551,222.5796661,333.5309143,213.3037415,454.9750061,212.6660767,543.5732422,205.6782837,6.533333333
197,197,131.3078003,217.288559,190.697464,222.0848236,332.9620667,213.1363678,454.9492493,212.5688782,541.6574097,206.1613312,6.566666667
198,198,131.2552032,217.2431946,190.4457245,223.5845032,333.0077209,213.0797119,456.4096375,212.2745056,539.5038452,206.0264587,6.6
199,199,131.1776581,219.0534363,190.2482758,223.6318054,333.0900269,213.0262451,456.4258728,212.2138214,539.5656738,206.0751648,6.633333333
200,200,129.3481903,218.991684,192.1318359,223.5663452,333.0638428,211.7863159,456.7524109,212.9644165,539.6880493,208.3867188,6.666666667
201,201,130.0756683,220.9923248,191.9136963,223.8143921,333.0273743,213.2371216,456.5779724,212.8717499,539.9258423,207.5914307,6.7
202,202,129.607193,221.1319275,193.2130737,223.1931915,333.5509644,212.7888947,455.1340942,213.4525909,539.041626,208.004715,6.733333333
203,203,129.0047455,222.8560181,194.0371399,224.4580383,333.2068787,212.3401642,456.4476318,212.7903137,537.4329224,208.01651,6.766666667
204,204,129.1754303,222.3062286,196.3585052,224.1567078,334.3872375,211.9187317,455.2868042,213.0456696,538.3494263,206.9919128,6.8
205,205,129.4042358,222.236969,194.8364105,224.4262085,334.1854248,211.9815063,455.2956543,212.759552,538.3852539,206.9054108,6.833333333
206,206,128.8922729,221.5294495,196.2783661,224.4728088,334.3990479,211.8683624,454.9070435,213.4250031,536.5303345,206.6738129,6.866666667
207,207,126.5084229,221.5233307,196.8994446,224.7495728,334.1380615,213.1753998,454.6027832,212.3278503,536.574585,208.1259766,6.9
208,208,125.0486908,220.1777954,198.1699982,223.6228638,333.8701172,213.4582214,455.9006958,212.3216858,536.1363525,208.5855103,6.933333333
209,209,123.9060974,220.1024933,199.190918,222.7711792,333.1403198,213.5610046,456.3958435,212.0437469,536.3700562,206.2779999,6.966666667
210,210,124.1003494,219.6469421,199.7451477,223.5221863,334.9082031,212.3924713,455.6236267,212.6780396,535.5648193,206.5222931,7
211,211,124.1113129,219.7712555,199.7567139,223.5704041,334.7915039,212.4386444,455.6943054,212.7301941,535.6054688,206.629364,7.033333333
212,212,121.9034424,220.0995941,200.0411224,223.3882294,335.1984253,212.8042603,455.249115,211.7758942,535.9109497,206.6634674,7.066666667
213,213,121.8330078,220.3839417,201.3361053,223.0748749,334.7763062,212.800766,454.6242676,212.105011,535.0444946,208.163147,7.1
214,214,120.3104553,220.042572,201.5003662,223.411377,334.5426025,211.792923,456.234375,211.2816162,535.3690796,206.1968384,7.133333333
215,215,120.77314,218.3216705,202.3646698,223.2518921,334.518219,213.416748,456.5423279,210.9754333,534.5681763,207.6770935,7.166666667
216,216,120.792572,217.5187378,202.6673584,223.2327881,335.3795776,213.0461426,455.6082153,212.0293579,535.0075073,205.7151184,7.2
217,217,120.6377106,217.5970917,202.0467224,223.2781677,335.3530884,213.0495911,455.5668945,211.3717346,535.1019897,205.7396698,7.233333333
218,218,120.7352829,217.7640076,202.2207336,224.0823212,334.4717102,213.1546631,456.5630798,211.2152405,535.0493774,206.1371307,7.266666667
219,219,120.1772308,217.8028564,202.5848389,223.6521149,334.3979797,213.8401947,455.9870911,211.0256195,534.5019531,206.972641,7.3
220,220,117.2116318,217.8303833,201.0015869,224.9711761,335.901886,213.94664,456.8193359,212.2360382,534.3442993,206.4450073,7.333333333
221,221,118.7977982,218.5117188,201.779892,223.5998383,334.4804688,213.9290619,456.7781982,210.7023315,535.2640991,206.3497772,7.366666667
222,222,116.7997894,217.4574738,200.5057831,224.6799622,334.044281,213.405365,456.0390625,211.2833252,533.177124,206.8781891,7.4
223,223,116.9241333,219.2132874,200.5391693,224.4341278,334.1259155,213.308197,456.123291,211.3215179,535.0021973,206.9184723,7.433333333
224,224,117.8716202,219.8904724,200.589386,223.7086945,335.6287537,214.9346313,455.8835449,211.8385925,533.7826538,207.045929,7.466666667
225,225,117.8582001,218.888031,200.5877991,223.8387909,335.589447,215.3548889,456.3095703,211.1691895,535.194519,205.3054047,7.5
226,226,117.974556,218.9987793,199.1865997,222.8392487,335.2342529,215.045517,455.1114502,211.3113708,533.9266968,205.806427,7.533333333
227,227,117.6260681,218.9074554,199.7746124,222.7612152,335.0125122,215.7151031,455.5134888,211.5635681,535.350708,205.7302856,7.566666667
228,228,117.16185,220.2564392,197.9100342,222.1352234,334.0205383,216.4753723,456.0678406,211.655304,535.2642822,205.3315277,7.6
229,229,117.0722351,220.1587677,197.8083801,222.2501831,334.006897,216.6040802,456.0315857,211.8096466,535.27948,205.3022003,7.633333333
230,230,116.506012,220.3413544,197.407196,223.6075592,333.9448853,216.371994,456.6009827,211.9149628,534.9125366,204.9355469,7.666666667
231,231,115.4780579,220.3775635,196.0167999,223.9448242,334.1015625,216.0359344,455.8049011,212.6606293,533.5484619,204.8619537,7.7
232,232,117.2645721,218.4493713,195.3323975,222.539093,333.2327881,216.8916321,455.2566223,212.2722168,533.7868042,204.8718719,7.733333333
233,233,115.9696503,218.9892426,195.4875793,223.4988403,333.1279907,216.4587402,455.0964355,212.4299927,533.4370728,204.8542938,7.766666667
234,234,115.3869476,220.8261719,194.0699005,222.8876801,332.636322,215.7598419,454.2748718,213.3403168,533.3960571,206.0861816,7.8
235,235,114.9790421,218.8457947,194.3620911,222.6009369,332.3970337,216.0526123,455.0489502,212.6444244,533.6101685,204.493515,7.833333333
236,236,115.6167831,219.7875824,194.8369751,223.5097046,333.7961121,216.2899628,454.7876282,214.19841,534.9866943,205.3047333,7.866666667
237,237,115.9048996,221.4498444,193.1387329,222.9163818,334.0782166,216.4445801,453.5797424,213.2306824,533.7974854,206.0250854,7.9
238,238,115.2737045,221.9812317,193.235199,224.0452118,331.850647,215.9306335,453.4033203,214.1909637,534.1401978,206.3909149,7.933333333
239,239,113.9156342,222.4188538,192.992691,224.7166901,331.5994263,217.8761139,452.6344299,214.7752075,533.9621582,206.4665527,7.966666667
240,240,114.1728821,222.4482269,191.9507446,225.3043365,333.8995667,217.814209,453.326355,215.6321564,533.9689941,206.818634,8
241,241,114.2929459,222.7400818,191.9327698,225.211441,333.884491,217.9163971,453.3027954,215.6609039,533.9558105,206.6445313,8.033333333
242,242,114.483223,223.8916016,191.7842255,226.2038269,333.7486572,217.855011,453.2079468,215.8066711,532.6318359,207.2999725,8.066666667
243,243,112.2356567,222.1785583,190.4041748,226.2209473,332.3070679,218.2306061,452.9578247,217.0012207,534.1412354,207.0746765,8.1
244,244,113.9675903,222.7927704,190.3945923,226.2046509,333.1952209,216.7109528,451.1161499,218.7058716,534.0557251,209.1218262,8.133333333
245,245,111.0822983,224.6568146,190.2143707,227.3037872,333.2181396,216.6525421,452.1270752,217.6327667,533.647522,208.2463837,8.166666667
246,246,112.9822388,223.5726929,190.7272491,228.1401062,332.2146301,218.8746338,451.7180786,218.5251923,533.508667,208.8526611,8.2
247,247,111.1366043,225.6159363,189.4837341,227.6634369,332.5405273,217.1424103,451.7825012,219.2096558,533.605896,208.4031982,8.233333333
248,248,112.4584427,224.8870239,190.197464,229.2590942,333.1988525,217.2348785,452.3317261,218.5829926,533.6312866,209.5262604,8.266666667
249,249,111.6174469,224.3580017,189.4708099,228.4992828,332.9928284,217.103714,450.5642395,219.925766,532.4996338,210.7682648,8.3
250,250,112.3178635,223.5610199,189.4008331,228.8267059,331.4495544,218.7254333,452.5488281,221.0359497,533.9730835,210.9293823,8.333333333
251,251,110.2955551,222.8722534,189.2891235,229.2364044,332.5320129,216.9866943,452.151123,221.8916016,533.5057373,211.3809052,8.366666667
252,252,110.2146988,223.1954956,188.8152924,229.5053253,333.2102661,217.6385345,450.0742493,220.31604,533.2040405,211.4495697,8.4
253,253,110.2014236,223.3453064,188.8264008,229.3916779,333.1318054,217.9458008,450.000946,220.3104401,533.3675537,211.3832245,8.433333333
254,254,109.4510498,224.4986877,187.1125336,229.4296112,333.1138611,218.0230713,449.2565002,220.3479156,533.3794556,211.8387146,8.466666667
255,255,107.8605728,222.485611,187.8739624,228.611908,332.9119263,217.1079559,451.2614746,222.092392,533.4257813,212.3397827,8.5
256,256,108.8318176,223.201889,186.6929474,228.8893585,333.0152893,217.572403,449.152771,222.2766571,531.8187866,212.1253204,8.533333333
257,257,106.8835602,222.2393951,187.726944,226.8988647,333.3835144,217.7769775,450.5502319,223.1132202,533.2263184,211.9717255,8.566666667
258,258,106.9341354,222.3987427,186.3328094,226.8117523,333.0808716,217.7919769,450.3313599,222.5527344,533.1934814,213.62677,8.6
259,259,108.0414505,222.806076,186.8913269,226.9657898,331.710968,217.8269806,450.4200745,222.5755615,532.8782959,211.9502563,8.633333333
260,260,107.7924347,221.0721588,186.7593842,227.0072327,333.1995544,217.5952454,450.5614319,223.1541901,533.4481201,211.9545746,8.666666667
261,261,107.5571442,221.4805145,187.8490295,225.4751587,332.349762,217.6606903,450.6191406,223.0123901,533.6118774,212.2919769,8.7
262,262,107.9232712,220.0496216,187.2887878,224.9978333,332.5336914,217.3857727,450.4329529,222.9322052,534.1519775,211.3671722,8.733333333
263,263,108.1025467,220.1755981,187.633728,223.599762,332.6161804,217.6752014,452.22995,225.2037506,534.6650391,211.1793671,8.766666667
264,264,106.2491989,218.8903809,188.364624,223.3448792,331.1389771,217.5366974,447.7056885,221.5919037,536.1633911,211.6881714,8.8
265,265,106.5891266,219.1480103,188.3938446,223.2207642,331.0609131,217.4786377,447.8113708,223.3925018,536.1847534,211.6729584,8.833333333
266,266,107.7653351,216.57547,189.226944,222.6940918,331.9881897,217.3897552,448.3146362,223.359848,536.7061157,209.9320679,8.866666667
267,267,106.7374954,217.1210938,189.6667328,221.7658234,330.4064941,217.5868378,449.2868958,223.5194702,536.772583,210.4441376,8.9
268,268,106.5220032,216.7866974,189.6436768,222.020752,330.4427185,215.9849854,449.0227966,223.3481293,538.4971924,209.4438934,8.933333333
269,269,106.9195328,216.6722412,189.3239288,222.2745361,330.451355,215.754425,448.6530151,223.0289001,539.1438599,207.8726654,8.966666667
270,270,108.4346619,214.6293335,189.7143097,222.4818115,330.2445984,215.626358,448.371521,222.5669861,539.2830811,208.2162781,9
271,271,108.3696594,215.3671722,189.6401672,222.6307983,331.8557739,215.3773651,450.5004272,222.9273682,538.9533691,208.722168,9.033333333
272,272,108.3896103,215.9563446,189.3441315,222.4350281,331.2156067,215.7865143,448.8744812,222.9609833,541.1734619,208.3271484,9.066666667
273,273,109.1409454,214.2549744,188.2802734,223.0081024,331.8008118,216.4264679,448.7800293,221.6606445,541.1955566,207.9260254,9.1
274,274,107.7074432,214.584259,189.6640015,222.6806641,331.7147522,215.9393311,449.8199768,223.1446075,543.2454834,206.9062653,9.133333333
275,275,109.2966614,215.3134308,189.3622437,222.3720093,331.3387756,216.091568,450.2982788,222.4760132,543.5823975,206.9891815,9.166666667
276,276,109.4512024,213.7695923,189.0490112,223.2605438,332.7704468,216.1651611,449.8440552,221.0537415,545.5275269,208.016449,9.2
277,277,107.9398041,213.7249298,188.9929657,223.1908569,332.7142029,216.2706909,448.0287476,221.2938995,543.5623169,208.0341644,9.233333333
278,278,109.7863617,215.151947,189.1192627,222.2545166,332.8970642,215.1647644,449.6755066,221.1925354,545.6386108,206.9002533,9.266666667
279,279,110.9111633,214.8807983,190.747818,223.3011475,333.1243591,215.0103607,449.9422913,220.7018585,545.3920898,206.7653351,9.3
280,280,110.6450348,214.7146759,191.1007385,224.7440643,333.0631409,215.4168549,449.8581543,219.7353973,547.1357422,206.3849182,9.333333333
281,281,110.3797607,215.2413177,191.3066711,224.5998383,332.9336243,215.0843506,449.505127,219.1589966,547.4536743,206.5592957,9.366666667
282,282,110.8349533,214.7362671,193.0369263,225.9322357,332.5368652,215.2249756,448.9573669,218.572937,547.6156006,206.1026459,9.4
283,283,110.7105408,215.1866913,192.5637512,226.0231171,332.3792725,214.8161011,450.791748,220.0537262,548.112793,205.8067322,9.433333333
284,284,110.5033493,213.8762207,192.70961,225.2616577,331.9274902,215.1199646,452.1539307,219.1130219,547.9497681,204.2041016,9.466666667
285,285,112.4518204,216.0103607,193.4075623,225.6039276,333.5711365,215.0543976,452.5345459,219.306778,549.5669556,204.5628052,9.5
286,286,114.2182159,216.1974335,193.7179565,225.6887207,332.1256104,216.2241974,450.9491882,218.7848969,551.5109863,203.225235,9.533333333
287,287,114.4373245,216.0497589,195.1772766,227.4190979,332.3822632,214.4533691,454.0931091,218.8423157,551.5108643,204.7819366,9.566666667
288,288,115.5133209,216.5622864,195.437088,227.9880676,332.9690552,215.2791443,452.6601257,217.0745087,551.0001831,205.5567322,9.6
289,289,115.6381912,216.5873871,195.5731506,228.1667633,332.9612122,215.2545013,452.6379089,216.8144989,550.8996582,205.5053711,9.633333333
290,290,115.2864227,215.5445099,195.5267944,227.2858429,333.0771179,214.8128815,452.65802,217.0991821,552.8063965,203.4050598,9.666666667
291,291,115.8043137,215.9224091,195.7371368,228.4567871,332.9129944,215.2865906,453.2305908,214.889389,552.6830444,202.6721802,9.7
292,292,116.9267273,216.0543671,196.3674316,228.4132385,332.8924561,214.1101685,455.0222473,214.5856628,552.8607178,203.7472839,9.733333333
293,293,117.353447,216.6207733,196.3254547,229.3725586,332.8123474,215.4279022,454.8805542,213.1475983,553.5540771,204.0937195,9.766666667
294,294,119.0275269,218.6284485,197.6626892,229.9952698,332.638031,216.026825,454.5758057,213.052597,553.2875977,204.3579712,9.8
295,295,119.0680084,218.9787445,197.10849,229.4850159,332.587738,215.8797913,454.5336304,212.115509,553.4768677,203.9883881,9.833333333
296,296,119.6881027,219.2481537,198.473526,229.3495026,332.7220459,214.4653168,455.2889404,213.217926,553.5687866,202.7817993,9.866666667
297,297,119.3585815,218.936142,196.9263611,230.290741,332.2840576,214.8717651,455.4045715,211.8925171,553.2122803,204.9378052,9.9
298,298,122.3199844,220.4713745,198.8254395,231.8444366,332.2041626,214.8665161,455.0823975,211.9907227,552.9387207,203.5002136,9.933333333
299,299,122.5325165,221.1582184,199.5192566,233.4975739,333.387085,214.6651001,456.0270386,212.2817688,552.2305908,203.7833862,9.966666667
300,300,123.3916626,221.3870697,199.6503448,233.5162659,333.4853516,214.7725983,455.9807129,213.7107697,552.3739624,205.5421753,10
301,301,123.8119659,221.4766846,199.6509094,233.5650787,333.3634338,215.066452,456.0007324,212.0452423,552.3966064,205.537384,10.03333333
302,302,123.5508041,221.1672516,201.5254059,233.8699188,333.6111145,214.9007874,456.1517944,212.2614288,552.4691772,205.5488586,10.06666667
303,303,125.3316193,221.4815826,201.1007843,235.5833282,333.7738647,215.2657623,456.2770691,212.6329803,553.0214233,207.0718689,10.1
304,304,123.3594666,222.602356,202.884552,235.9959869,333.8373718,216.5117035,455.5107422,213.8371887,552.5175781,206.7809448,10.13333333
305,305,125.684906,221.5525818,202.755722,235.9867096,332.8003235,215.2475281,456.3786316,212.9911346,550.8013306,208.0857849,10.16666667
306,306,125.9955215,221.3067627,204.0818024,236.2749634,332.3755188,214.4026184,456.3210754,212.8326416,550.74646,208.0020294,10.2
307,307,126.0719452,221.4703369,204.1167297,236.1124268,331.6381836,214.599884,456.2972107,212.7335968,550.4242554,207.5794373,10.23333333
308,308,125.3801575,221.3054657,203.634613,236.0692291,332.5319214,215.0099792,456.2568665,211.4499817,550.0971069,208.1064606,10.26666667
309,309,125.4608994,221.4448242,203.5228271,234.4063416,331.3398438,214.6131287,456.1519775,212.2428436,549.3898926,209.3563995,10.3
310,310,122.8974329,216.1418445,181.0987493,222.130539,330.0525927,212.0507366,450.5432328,211.9367922,513.8652195,214.9714706,10.33333333
311,311,121.2510509,216.0494976,180.1201563,221.1241625,329.7848081,212.2491923,449.9776042,211.9396332,516.4790979,214.186522,10.36666667
312,312,121.6451442,216.2466856,180.1288319,221.7980383,329.8339906,212.6042528,450.4026199,211.2766784,517.3838103,214.7837067,10.4
313,313,121.9929725,216.2194214,179.5023058,221.0828921,329.9786053,210.7700688,450.3990458,211.3826803,519.5010377,213.494241,10.43333333
314,314,120.7805109,216.4515716,179.0823,219.9314427,330.3934484,212.2455113,450.6956983,211.0761913,522.2713834,212.4932869,10.46666667
315,315,119.3406035,214.6485008,179.6875952,218.2927359,331.1810089,211.8665774,450.7108807,212.8069547,523.3086746,212.2412956,10.5
316,316,121.3529593,214.595897,179.7224353,218.5430623,329.5040711,212.3524449,450.460142,211.4087684,522.2379027,212.3064547,10.53333333
317,317,120.3715254,215.7434515,180.9686449,219.9277464,330.8339519,211.0023565,449.9196545,211.3903784,524.6540127,210.7928424,10.56666667
318,318,119.2794691,215.6519905,181.2161914,219.7850715,330.2907762,212.4280667,450.5289974,210.5731863,526.7940901,210.3498186,10.6
319,319,118.9083785,214.6558629,182.4583533,219.4620712,330.1424347,211.8980114,449.5889103,211.5319077,527.7396147,208.6770049,10.63333333
320,320,119.403861,215.469374,183.9983439,220.2796757,330.2927008,211.4969454,450.066377,211.9098488,528.0468064,209.9287742,10.66666667
321,321,118.8927684,216.282824,183.2306703,222.3486219,329.8114155,212.7428648,451.1005217,210.2668958,530.438539,209.0103916,10.7
322,322,119.2691133,216.1688185,184.9647635,221.6473139,328.8788433,212.8715334,450.4140143,210.7231775,531.1904498,208.6771577,10.73333333
323,323,117.9054616,216.1468391,184.8952055,221.9251947,330.5015276,211.2584565,450.9353481,211.8123698,531.8699617,208.64719,10.76666667
324,324,116.3596134,215.8620545,185.9375523,221.8080733,329.0857455,213.2218131,449.7500515,210.8293015,534.2254031,208.3756479,10.8
325,325,116.9630452,215.4589265,189.1945139,222.3203801,329.0809189,211.465038,450.5227656,210.3766704,534.5591105,208.6215296,10.83333333
326,326,115.3958745,215.5019383,190.3626731,223.030211,330.3036675,213.0612065,451.1544391,210.4723165,537.0884318,207.6910804,10.86666667
327,327,114.9912038,216.0892407,192.4334063,224.2018068,329.8448657,212.2095103,450.872083,211.6444164,537.1511776,209.830837,10.9
328,328,114.3115316,215.4902383,190.5455493,223.7847337,330.5139912,212.3525976,450.9079465,211.4209418,537.7162562,208.4358735,10.93333333
329,329,115.8717222,216.2847485,194.1435193,226.1155228,330.1667815,212.276319,451.1460384,209.7610652,538.186758,208.1370062,10.96666667
330,330,115.0868881,215.4915214,194.9722433,227.220814,328.7945305,212.7221685,451.0569907,208.2673855,540.444079,207.864395,11
331,331,115.5806675,216.7677444,197.269735,227.6919267,329.9473546,212.5643723,451.8378,210.0407941,540.3075901,208.1958419,11.03333333
332,332,114.7885401,215.9247392,199.0363161,228.8314165,330.2211266,212.5123031,451.9427327,209.8954463,542.8461979,208.2300863,11.06666667
333,333,115.1481447,217.4754063,199.9378821,230.6133939,327.940864,212.0416944,450.7536175,211.0886243,543.482637,208.924475,11.1
334,334,115.1621739,215.9066853,200.1955705,231.2520629,328.2129559,211.9744122,452.3086683,210.9036098,543.1609044,207.6361396,11.13333333
335,335,113.4189697,216.9398371,203.4966741,231.2560342,328.3119928,212.0954896,452.4815706,210.8314705,545.3012262,207.5991001,11.16666667
336,336,114.1603262,216.9429072,204.4802617,231.3491295,328.0966898,211.8410697,452.1939297,210.8535109,545.3155838,207.121114,11.2
337,337,113.8977424,217.1030098,206.3985294,229.915431,328.3482839,212.5205969,451.8511495,210.2508428,547.212254,208.0449495,11.23333333
338,338,112.402772,216.7792,208.414887,231.1887367,327.8721002,212.1303755,451.2721104,209.7908801,547.2859971,208.6049267,11.26666667
339,339,112.4250034,217.2084465,211.0386171,228.9031129,327.9655774,212.4971207,451.7853184,211.1689353,547.3932209,207.8387804,11.3
340,340,111.8102154,215.4155635,210.0075425,228.7951101,329.5278681,212.685022,451.793047,211.4860245,549.3201948,208.6926608,11.33333333
341,341,112.3101273,216.1936541,211.8491192,228.266567,328.1133385,213.2358805,450.9622305,211.4966247,549.6254313,209.255815,11.36666667
342,342,112.9419765,215.4580712,211.7996313,226.1842866,330.2278472,212.6118135,451.3262416,211.2067691,548.6119066,207.642845,11.4
343,343,112.4234531,215.4647154,214.3824727,226.1932219,331.2796487,214.5392303,452.2724077,210.4712015,549.0809421,209.0586881,11.43333333
344,344,111.9844922,216.0933341,212.7750472,225.8657616,330.1338201,215.9049898,452.3020699,210.6788674,548.9761621,208.3861412,11.46666667
345,345,112.2414628,217.2980746,213.6707327,223.916732,329.1280546,215.0035919,451.9965279,211.2113513,548.7616534,208.7125018,11.5
346,346,113.0460157,215.3378186,213.0103439,224.5207595,330.8343796,216.6605817,452.4365427,211.4886211,549.1203491,209.2446802,11.53333333
347,347,111.0722421,217.4622096,212.8952845,223.5592582,331.9475217,215.346815,453.322132,212.4017189,549.3004607,209.6502367,11.56666667
348,348,112.7241533,217.2460054,212.770297,221.5211961,332.5003506,216.3768204,453.2935389,211.7760481,549.4074401,210.7298522,11.6
349,349,111.6405207,217.7321784,213.6902987,222.0789127,332.6087352,214.0839873,453.0392566,211.2737763,548.9371827,212.1970773,11.63333333
350,350,111.978123,215.99083,213.1034393,221.2996308,332.0336673,214.7455521,452.9901658,211.7709466,549.4950521,211.3722634,11.66666667
351,351,112.0906774,215.5408871,211.5823121,221.6513921,334.1511696,215.5661504,452.7674702,211.3776093,549.3016826,214.1029577,11.7
352,352,112.2538577,215.4694809,211.5490605,221.3749471,332.3463271,215.567525,452.822915,211.3117934,549.2608704,212.2406999,11.73333333
353,353,111.64912,216.831926,210.9044957,221.0578426,334.3391932,215.2068742,452.8793679,211.9622846,549.0266276,213.5210164,11.76666667
354,354,111.5285772,216.4560317,209.5012689,221.3207548,335.6661414,215.2626092,452.911871,212.2683612,548.9847767,214.8684013,11.8
355,355,112.7237867,216.1362695,208.9029997,220.7933114,334.0086628,213.8955056,455.0589745,212.88751,550.7651808,215.6374191,11.83333333
356,356,111.6844107,216.4453551,207.3518132,220.801483,336.7152546,216.37401,454.4901384,213.0199666,550.9280632,215.7004092,11.86666667
357,357,112.6070548,216.5227182,207.6210183,220.1880314,337.4240621,214.3425464,454.1658398,211.8191973,551.2013465,214.62811,11.9
358,358,112.6358846,217.5054351,207.9253232,218.9139314,337.2257133,215.4856256,454.678498,211.8313707,551.2727068,214.9297266,11.93333333
359,359,112.7675698,217.6662556,205.9056511,220.2653945,336.957165,214.0142766,454.5244439,211.1102524,551.3861014,214.8379601,11.96666667
360,360,111.7635684,217.2278904,205.9834571,219.4541287,338.554922,215.4533668,454.6345087,211.8738326,551.4968077,215.0830933,12
361,361,112.0153458,217.6700435,203.1452946,218.8291605,338.1613404,214.6160435,454.2896512,212.209327,551.3100977,214.3931799,12.03333333
362,362,112.3005963,216.5522887,203.1447753,219.6522789,336.9995963,212.4910569,454.2200627,212.2825966,551.1995747,213.9895784,12.06666667
363,363,112.5505561,216.0622056,200.7242359,219.8134201,338.6662393,213.1256172,454.5592687,212.2072039,551.1955424,214.0159109,12.1
364,364,110.7180369,216.5180137,200.5754361,218.4377477,336.7918387,211.9531202,454.2944778,212.0526917,551.2380653,214.1010484,12.13333333
365,365,110.9923512,216.5283696,198.8551812,219.7709735,337.0306026,211.9558389,454.5610711,212.8165315,551.5491671,214.542667,12.16666667
366,366,111.1071968,216.5389392,196.9059836,218.3304475,337.1062091,212.1909829,454.3448211,211.7053293,551.6375733,213.0354545,12.2
367,367,110.5772102,216.656977,194.7014344,219.6069914,338.1767977,212.307921,454.5061761,211.9642855,553.635541,212.5984334,12.23333333
368,368,112.3262796,215.898422,194.5124639,218.8341551,338.1784778,211.7266213,454.2247671,211.3684143,553.2681696,212.2714008,12.26666667
369,369,112.1589524,216.763651,192.6487246,219.5420156,338.1883449,211.8272926,454.2730025,212.6783167,552.1854229,213.2862238,12.3
370,370,111.1263199,217.4556417,192.7153805,218.8912953,338.3336011,211.9779405,454.2892847,211.9439557,552.9714865,213.4257675,12.33333333
371,371,110.8014714,215.8389601,192.2215247,220.5036543,337.6769087,212.1133144,455.1712693,211.7207561,553.7754512,212.985936,12.36666667
372,372,111.8317441,217.5298736,190.4214171,218.8561039,337.7150632,211.6117757,455.0623959,211.3496731,553.6038931,210.61965,12.4
373,373,111.3450901,215.5942241,191.3872257,220.3526093,337.4712589,212.5020083,454.5550836,211.8085971,553.9016149,210.9055038,12.43333333
374,374,111.9756486,216.3254691,190.468507,220.2575894,337.6788943,211.3706749,454.7029975,211.9218847,552.0998271,210.1052048,12.46666667
375,375,112.553084,217.1262722,189.599597,218.7379744,337.4494781,212.2511321,454.044961,211.4568663,552.1811461,208.5851162,12.5
376,376,112.2456097,217.2070108,189.6902026,218.7570517,337.3200764,212.6266751,454.0764866,211.4745079,552.1622063,209.8330976,12.53333333
377,377,112.9166139,217.0813359,188.625464,219.4049004,336.1893691,211.5252635,454.3541077,212.8877697,551.657735,208.6395377,12.56666667
378,378,113.0340637,217.0399891,188.490472,221.0371768,336.3555202,212.2467332,453.720693,212.9096269,551.8650344,207.8022296,12.6
379,379,111.7429485,217.1098373,188.6098997,221.1047034,336.2170457,212.3055688,454.3097213,210.7267516,549.7837927,208.6881091,12.63333333
380,380,113.6092538,217.1989461,187.8712468,222.2885185,335.9592198,210.8293321,455.2038336,211.2982759,549.8344414,209.1535552,12.66666667
381,381,111.8808655,216.7685692,188.8144345,222.2651034,335.2106693,210.4780901,455.3336935,212.0803224,549.9610938,208.5574397,12.7
382,382,112.6767045,216.2892696,188.3889912,221.5886616,336.0026592,212.321072,455.0536591,211.849501,550.5173746,208.4494521,12.73333333
383,383,112.3750649,217.1596918,188.176575,221.5686526,334.0393025,210.6425305,454.8679267,211.8250931,549.7994333,208.1956586,12.76666667
384,384,113.6084596,217.4213973,188.075751,223.0829523,335.1817097,211.5800057,454.8670408,212.042901,547.7580262,208.6268602,12.8
385,385,111.9929312,217.6420768,188.3392894,223.6375529,335.1995497,212.3327108,454.3713979,211.7957822,547.9756509,207.7396824,12.83333333
386,386,111.8447042,217.9650618,188.4662321,222.7838406,333.6819814,211.8825846,454.801454,211.7298136,547.6118842,208.217531,12.86666667
387,387,112.4582398,216.0982065,189.8942333,222.3469417,333.8707687,212.0878525,454.3491895,211.4756076,545.7079435,207.9381228,12.9
388,388,112.4193826,216.0051265,190.0451715,222.3333173,333.934492,212.1751743,454.2536656,211.5526499,545.7102041,208.151486,12.93333333
389,389,113.159288,216.961679,189.9212684,223.7648621,333.7996527,212.040671,455.3576432,210.813386,546.0040768,209.8442171,12.96666667
390,390,113.5986689,216.3470208,189.782687,222.1715651,333.5053524,212.0986055,454.3307384,211.3054547,544.1650814,210.0639496,13
391,391,113.5567493,216.2845805,189.7298082,222.2830809,333.4398572,212.2349874,454.8322465,211.5213687,544.0428279,208.6914083,13.03333333
392,392,112.7794606,216.1373387,189.9167015,222.1207331,333.7069087,211.7239025,454.7873408,211.716739,541.990668,209.2994987,13.06666667
393,393,112.6506698,217.6616886,188.9380168,222.1171131,333.3904304,212.0083358,453.2233394,210.6370624,540.305024,211.4859023,13.1
394,394,113.2013451,216.7667669,189.580871,221.7904012,334.3590189,210.7411397,453.3454402,211.4570955,540.7369741,210.9937267,13.13333333
395,395,115.3406282,217.472153,190.0840439,222.6489707,332.3133962,210.9968731,452.3004814,211.8324246,538.3705353,211.7346096,13.16666667
396,396,115.0321383,217.9631525,189.7930428,222.8492746,332.0462837,211.2938464,452.3630134,211.4327639,538.4482497,212.742987,13.2
397,397,114.7117957,218.4056111,189.5532555,223.1992947,331.8716402,211.8937194,451.9059222,211.6737426,537.8570829,211.7269726,13.23333333
398,398,116.182465,218.2478913,189.3877154,224.792607,332.1146198,211.5824801,451.1955568,212.1340413,535.4401787,211.0863179,13.26666667
399,399,116.618562,218.090645,189.3847827,224.9184651,332.1497806,212.3193766,452.3437375,212.2253495,534.8479733,211.2243648,13.3
400,400,116.5175394,218.0262038,189.4248618,224.4441601,332.2339712,212.6104083,451.9582206,211.6274011,533.7299741,209.8675711,13.33333333
401,401,116.3366183,218.3662194,190.0043439,225.3131465,331.982652,211.8149053,452.4606757,211.8344103,532.7909257,211.6818989,13.36666667
402,402,118.4209226,217.219841,189.884015,227.5659006,332.3438221,212.431427,451.7835466,211.919502,531.7949355,209.4157801,13.4
403,403,119.0444626,219.0526809,189.5178197,228.0514931,332.5767513,211.4913399,452.6826381,212.6465161,530.6454718,211.9928174,13.43333333
404,404,121.7689786,218.6130938,188.7657409,229.5801962,331.9295288,212.4360245,452.5081474,212.0667133,529.4792066,210.8459197,13.46666667
405,405,122.2357917,219.1731168,187.8381938,229.5037954,330.2419604,212.4301287,454.6069849,212.0450547,529.7268906,211.9590618,13.5
406,406,121.2062674,220.7457633,189.8090652,229.44163,330.6773013,212.8282926,453.9639474,211.5252177,530.1596349,212.5399033,13.53333333
407,407,122.5075322,219.9494661,189.121504,229.3478474,330.7088269,213.2846658,453.7796813,211.1220439,528.3954213,211.9737707,13.56666667
408,408,123.596526,221.8026357,189.1053746,229.71027,330.1837357,213.3548043,455.538824,211.6852439,527.9926752,211.8189377,13.6
409,409,122.7329772,221.2545571,188.7018953,231.4387271,329.9554803,212.7431397,456.7229293,211.0619711,526.2450186,211.7552907,13.63333333
410,410,125.1294753,223.2942382,188.5047838,230.6244523,330.3267924,213.038158,457.6879131,212.7538621,526.2161812,212.2667269,13.66666667
411,411,125.6290359,222.0860762,188.0843045,232.7277956,331.3798464,213.186469,457.942562,211.8481264,526.7811377,211.5480066,13.7
412,412,125.6222924,222.4861952,188.3172795,232.6320426,331.452337,213.4508627,457.9348639,211.7217183,526.2427581,211.5094854,13.73333333
413,413,126.5192227,221.8173905,187.1665939,231.3761035,329.9713348,214.1463512,459.0855801,211.5223309,525.2590483,210.4596543,13.76666667
414,414,125.882883,221.7577759,185.8942657,232.4214898,330.0850043,214.0288938,459.1207409,213.2110602,525.7407917,211.8569089,13.8
415,415,128.2642598,221.1278894,185.0655111,230.1704007,331.227778,214.8791848,457.17944,211.9543115,525.2464625,211.3362014,13.83333333
416,416,126.9506229,221.343116,183.6786581,228.9599476,330.250911,214.980024,457.9476024,212.8243213,524.2422855,211.4540712,13.86666667
417,417,129.7146834,220.4356696,183.8643753,228.822802,330.9267265,215.1549119,456.4946128,212.7404362,523.9430974,210.9628884,13.9
418,418,129.2476488,220.5369365,183.0053475,229.0791921,330.9647283,215.4490595,456.4011967,212.9742055,523.1724301,210.0034643,13.93333333
419,419,128.9822317,221.4924962,182.9019881,228.1247016,330.8541137,215.4939499,455.6452535,213.0667052,523.2456233,209.9730842,13.96666667
420,420,130.7021353,219.6367147,182.5083148,227.9044804,330.9798802,215.7945432,455.2509082,212.2464735,523.3863278,210.0182802,14
421,421,131.1585849,220.9757446,181.1162991,226.0536629,330.6214899,215.666287,455.5521124,212.1578688,523.5559308,210.3796336,14.03333333
422,422,132.7619323,220.4987514,181.6091468,226.7620122,331.0482468,215.7830724,454.6882122,213.2276631,523.1268523,210.1866307,14.06666667
423,423,133.3203209,220.0660529,181.9369279,225.3026533,331.056281,215.8152701,454.2097985,212.3375221,523.3847393,209.2228383,14.1
424,424,133.158859,219.8682998,182.0485965,225.1238553,331.2634276,216.5336849,454.1390491,212.7883815,524.1017031,209.3969319,14.13333333
425,425,133.1216514,221.1047339,182.8402351,225.4827801,331.3016738,216.1948607,453.8340264,212.6388333,523.5379686,209.098813,14.16666667
426,426,132.3625312,220.6608548,182.0907681,224.4825438,330.5333281,216.5829743,454.3849308,212.6991963,524.5241222,207.3550055,14.2
427,427,133.6780697,219.3511358,181.5035726,225.0627591,331.0660869,216.5965224,455.0266852,213.2128778,526.1469592,208.6817857,14.23333333
428,428,134.5566024,220.0826405,181.4514881,225.4779688,330.2414105,216.1256846,454.892915,213.9573349,526.7290837,207.7081568,14.26666667
429,429,134.3689607,219.0986863,181.9773889,226.2318805,330.0150186,216.0290915,454.7881351,212.6332582,526.6692706,207.6036517,14.3
430,430,133.3726956,219.8100904,183.3254152,225.9861211,330.0049072,216.4956373,454.4793244,212.9653313,526.3703269,207.9734059,14.33333333
431,431,136.090575,218.3762391,183.349426,226.5802815,331.0107338,216.3833883,454.8678351,212.6798441,528.3754428,206.0467528,14.36666667
432,432,136.7505208,218.6473688,183.7231362,226.9576269,330.7209851,217.8279466,455.9448082,211.6798827,528.7513066,205.7570499,14.4
433,433,137.1008005,219.728863,183.8736619,226.4331925,330.4662751,217.3571852,455.576337,211.312435,528.5765715,205.6969771,14.43333333
434,434,137.357374,218.1418741,185.2312651,226.1976972,330.0760231,216.9691786,455.340353,211.5270811,531.2161713,205.5512627,14.46666667
435,435,137.0251481,218.508436,186.3773685,226.4572949,330.4034682,216.9899971,456.0597301,211.909192,531.6553307,205.3560909,14.5
436,436,137.1992265,218.2560477,186.8962127,226.410541,330.1043718,218.5566562,456.2213295,211.64796,532.0096887,205.4414117,14.53333333
437,437,137.015999,218.5846688,186.7896151,226.9407032,331.5564144,218.5903813,456.0327256,212.2942355,532.0768334,205.834413,14.56666667
438,438,136.4299338,218.4788349,187.336594,225.5721486,331.0468416,218.4375339,456.0023608,212.6561388,533.7040693,205.4716849,14.6
439,439,137.5369357,216.8637571,188.8645487,225.7642044,330.7396194,218.5339895,456.5026469,212.6808064,534.462212,205.4940614,14.63333333
440,440,137.5827731,217.1994043,190.8434849,225.2029137,330.0213115,218.3168536,456.7087549,212.1692938,534.7051915,205.4431988,14.66666667
441,441,137.8600123,217.2340764,192.0291176,224.9612477,331.1142918,218.3689076,456.5814916,212.4027423,535.9925494,205.2711824,14.7
442,442,136.9836638,217.0356818,192.2448482,224.6813966,330.2484977,219.3119884,457.5580531,212.3723622,535.3348489,205.1310278,14.73333333
443,443,136.2924673,217.0611131,192.8833798,224.5808018,329.7595143,219.5158817,457.4537008,212.183911,535.8095052,205.3148662,14.76666667
444,444,136.9107303,216.7611613,194.8553815,223.5006669,330.7643634,218.409338,457.0377274,212.6733526,537.256263,204.9971508,14.8
445,445,137.8212162,216.5879536,194.6083391,223.8038109,331.0024247,218.0544913,456.9494739,211.0508822,537.2056754,207.0158147,14.83333333
446,446,137.5659869,217.0210798,196.7791326,222.9803259,331.7065888,219.5767335,456.4217556,211.9292621,537.9673616,206.9897725,14.86666667
447,447,139.3322931,216.6397479,196.0122838,222.5269616,330.6970965,218.1868562,456.3291949,211.7134704,537.716134,207.4174764,14.9
448,448,137.6251586,217.1297546,196.0844384,222.592915,330.9472854,217.9307715,456.7473066,211.4665501,537.8186534,207.7592179,14.93333333
449,449,138.0253081,217.2744151,197.2158482,221.9475101,331.4878645,218.7125584,457.3268957,212.1333081,539.126784,207.5726149,14.96666667
450,450,138.8994418,216.037981,197.1649092,222.4958484,331.5256219,218.4154018,456.7137954,212.7482718,538.618647,207.859324,15
451,451,139.2177072,217.1918589,196.4669616,222.3391825,330.0939549,219.2355112,456.0188262,212.8462701,538.373468,208.92113,15.03333333
452,452,138.7573932,217.0368884,197.6490965,222.4822698,330.3650081,219.6691109,457.5588474,212.9223654,538.771754,207.9645928,15.06666667
453,453,140.7260499,215.4791036,196.6612017,222.6037748,330.7530606,219.9050033,456.7061889,213.1093503,539.3544895,209.5733471,15.1
454,454,140.8880923,216.4491125,198.0988103,222.1843647,331.862934,219.8614265,456.4420395,212.3577144,541.2703439,210.0091004,15.13333333
455,455,140.6249205,215.258195,197.1505363,221.6736464,330.8874722,219.5867991,457.0547121,211.8897329,540.397096,210.8588721,15.16666667
456,456,139.0614384,216.3844727,196.4289292,221.7783958,332.6023506,218.5879069,456.4705103,211.6322124,538.9528431,213.0286117,15.2
457,457,139.8830905,217.1443261,197.4391089,222.6876599,333.026847,218.3014574,457.8799078,211.6844955,541.2683277,213.3290369,15.23333333
458,458,140.9789271,215.8453752,195.9159656,222.0564751,331.4491906,217.3423083,456.1805173,210.8538469,541.5518751,213.3326874,15.26666667
459,459,141.170983,215.6667147,194.6410256,222.2215112,330.8401837,218.5184558,457.458619,210.7220472,540.8084567,215.5229706,15.3
460,460,141.1909156,215.2880863,194.4350397,223.5384855,330.5565447,218.7342628,457.6244952,211.6791801,542.0526806,214.0025155,15.33333333
461,461,139.8600267,214.1154213,194.2855526,223.9324184,331.614303,217.9623124,457.2336629,211.7922081,539.4135084,216.2313504,15.36666667
462,462,139.9842353,213.7820957,192.9475308,223.1426127,331.5970128,218.5144998,457.5652319,211.445976,541.0335961,216.2489156,15.4
463,463,139.9616908,213.6407192,191.8115998,223.8052467,331.9231748,217.6556401,456.8978171,212.1295507,539.9363085,216.2516649,15.43333333
464,464,140.305754,214.6010596,192.0304158,222.7997409,331.2727142,216.484533,457.1411021,212.2768842,541.5640333,216.1390952,15.46666667
